x_km,a_M2,b_M2,a_K1,b_K1
3.414385902045e-01,8.907504195947e+00,4.404737089680e+00,7.541664640225e+00,3.470048298298e+00
6.828771804090e-01,8.907504201762e+00,4.404737088000e+00,7.541664665488e+00,3.470048305818e+00
1.024315770613e+00,8.907504209541e+00,4.404737086846e+00,7.541664695813e+00,3.470048318487e+00
1.365754360818e+00,8.907504219742e+00,4.404737086715e+00,7.541664731690e+00,3.470048338193e+00
1.707192951022e+00,8.907504232864e+00,4.404737088319e+00,7.541664773461e+00,3.470048367323e+00
2.048631541227e+00,8.907504249414e+00,4.404737092656e+00,7.541664821215e+00,3.470048408857e+00
2.390070131431e+00,8.907504269857e+00,4.404737101086e+00,7.541664874653e+00,3.470048466455e+00
2.731508721636e+00,8.907504294542e+00,4.404737115420e+00,7.541664932900e+00,3.470048544558e+00
3.072947311840e+00,8.907504323589e+00,4.404737138019e+00,7.541664994274e+00,3.470048648476e+00
3.414385902045e+00,8.907504356725e+00,4.404737171896e+00,7.541665055986e+00,3.470048784463e+00
3.755824492249e+00,8.907504393067e+00,4.404737220815e+00,7.541665113766e+00,3.470048959758e+00
