beta,tmin_pS2_K1_O1,tmin_pMSf_Mm,tmin_pSsa_Sa,crb_X,crb_beta,crb_tau
1.000000000000e-03,6.448974788580e+05,5.531618539182e+05,4.824107713190e+04,1.164543843544e-03,6.960820148806e+01,1.228025598042e+02
1.333521432163e-03,3.627247960764e+05,3.111409016264e+05,2.713428296276e+04,1.164659904382e-03,5.220424436906e+01,9.209803249966e+01
1.778279410039e-03,2.040293635092e+05,1.750238533269e+05,1.526354825385e+04,1.164800213869e-03,3.915303596823e+01,6.907288211587e+01
2.371373705662e-03,1.147748114220e+05,9.846561498156e+04,8.587009764632e+03,1.164990049741e-03,2.936602633195e+01,5.180650036312e+01
3.162277660168e-03,6.457312557854e+04,5.540325741290e+04,4.831666203183e+03,1.165242136672e-03,2.202678081480e+01,3.885849893562e+01
4.216965034286e-03,3.633502205298e+04,3.117964291272e+04,2.719244130786e+03,1.165581723457e-03,1.652311711022e+01,2.914883991445e+01
5.623413251903e-03,2.044985456679e+04,1.755180062377e+04,1.530864465804e+03,1.166033524904e-03,1.239595324910e+01,2.186762858599e+01
7.498942093325e-03,1.151268284133e+04,9.883874955686e+03,8.622320557806e+02,1.166636607543e-03,9.301040483012e+00,1.640753574739e+01
1.000000000000e-02,6.483728112406e+03,5.568563385161e+03,4.859653715541e+02,1.167440537890e-03,6.980166368941e+00,1.231300898366e+01
1.333521432163e-02,3.653329085514e+03,3.139394860528e+03,2.741763810237e+02,1.168511632783e-03,5.239761021962e+00,9.242557422653e+00
1.778279410039e-02,2.059871534289e+03,1.771504105030e+03,1.549322581948e+02,1.169942034800e-03,3.934648072834e+00,6.940053359231e+00
2.371373705662e-02,1.162449290630e+03,1.000878957164e+03,8.777077117607e+01,1.171849980435e-03,2.955954855032e+00,5.213423654823e+00
3.162277660168e-02,6.567754171965e+02,5.664684114091e+02,4.993068183624e+01,1.174395107651e-03,2.222043701556e+00,3.918641363195e+00
4.216965034286e-02,3.716520224106e+02,3.213835195083e+02,2.860744603389e+01,1.177792016855e-03,1.671695227830e+00,2.947701740857e+00
5.623413251903e-02,2.107438876914e+02,1.829545483329e+02,1.659522590911e+01,1.182326516788e-03,1.259001494813e+00,2.219612845379e+00
7.498942093325e-02,1.198300691284e+02,1.046407465189e+02,9.828845929161e+00,1.188381553368e-03,9.495377035611e-01,1.673641147506e+00
1.000000000000e-01,6.838414334729e+01,6.023085014081e+01,5.998590277973e+00,1.196470204790e-03,7.174895405457e-01,1.264243755047e+00
1.333521432163e-01,3.921303671213e+01,3.495716996401e+01,3.791227132437e+00,1.207281283755e-03,5.435001906487e-01,9.572697749707e-01
1.778279410039e-01,2.262827477524e+01,2.049821246835e+01,2.478605311394e+00,1.221741639090e-03,4.130560256981e-01,7.271122600735e-01
2.371373705662e-01,1.316655819437e+01,1.216631329244e+01,1.669094869527e+00,1.241100104303e-03,3.152754178985e-01,5.545712649724e-01
3.162277660168e-01,7.744349599848e+00,7.321549505203e+00,1.152518515114e+00,1.267044495189e-03,2.420009153931e-01,4.252519217401e-01
4.216965034286e-01,4.619178423936e+00,4.475444319917e+00,8.131651472781e-01,1.301862236090e-03,1.871186772758e-01,3.283633746676e-01
5.623413251903e-01,2.804832127611e+00,2.785322866500e+00,5.849186127821e-01,1.348662279748e-03,1.460478021161e-01,2.558172304099e-01
7.498942093325e-01,1.741962892233e+00,1.770633173216e+00,4.285331395280e-01,1.411680574067e-03,1.153575611438e-01,2.015513897292e-01
1.000000000000e+00,1.112456965144e+00,1.154673190501e+00,3.198800393881e-01,1.496698282807e-03,9.248008799692e-02,1.610218594248e-01
1.333521432163e+00,7.347464652527e-01,7.764350398352e-01,2.436469988729e-01,1.611606608687e-03,7.549467998058e-02,1.308203940188e-01
1.778279410039e+00,5.047127198850e-01,5.412933080354e-01,1.898311674347e-01,1.767157400379e-03,6.296591618363e-02,1.083864084286e-01
2.371373705662e+00,3.622841383103e-01,3.931419246921e-01,1.517215251949e-01,1.977940283155e-03,5.382259358424e-02,9.179013437851e-02
3.162277660168e+00,2.725272007961e-01,2.984428051057e-01,1.247069388988e-01,2.263633496228e-03,4.726835849350e-02,7.957073197794e-02
4.216965034286e+00,2.149222047004e-01,2.369808857452e-01,1.055572728066e-01,2.650592138049e-03,4.271758556708e-02,7.061756832345e-02
5.623413251903e+00,1.772679196123e-01,1.964576300011e-01,9.198089829729e-02,3.173884833033e-03,3.975156713790e-02,6.408506478400e-02
7.498942093325e+00,1.522070014938e-01,1.693112958881e-01,8.234408309493e-02,3.879972625416e-03,3.809062328175e-02,5.933202347940e-02
1.000000000000e+01,1.352354503236e-01,1.508382783682e-01,7.548457045703e-02,4.830326298054e-03,3.757816678220e-02,5.587697895355e-02
1.333521432163e+01,1.235526325998e-01,1.380763699667e-01,7.058070801445e-02,6.106367019411e-03,3.817370304720e-02,5.336321044845e-02
1.778279410039e+01,1.153890358004e-01,1.291352815028e-01,6.705566821034e-02,7.816185497574e-03,3.995294606430e-02,5.152994987896e-02
2.371373705662e+01,1.096080158121e-01,1.227914557615e-01,6.450643232705e-02,1.010358705268e-02,4.311415048035e-02,5.018857741819e-02
3.162277660168e+01,1.054668144089e-01,1.182406402842e-01,6.265173767077e-02,1.316017323092e-02,4.799050282306e-02,4.920351052717e-02
4.216965034286e+01,1.024714563404e-01,1.149455630762e-01,6.129477686302e-02,1.724142510950e-02,5.506977267652e-02,4.847747886343e-02
5.623413251903e+01,1.002876299845e-01,1.125413644876e-01,6.029706204568e-02,2.268810330487e-02,6.502467729689e-02,4.794058785196e-02
7.498942093325e+01,9.868526742259e-02,1.107762964547e-01,5.956041135835e-02,2.995474017603e-02,7.875961121078e-02,4.754241839000e-02
1.000000000000e+02,9.750358856864e-02,1.094740758006e-01,5.901464185290e-02,3.964760268456e-02,9.748031005070e-02,4.724641694206e-02
1.333521432163e+02,9.662869527208e-02,1.085096308441e-01,5.860917440797e-02,5.257529489223e-02,1.227929527552e-01,4.702593618475e-02
1.778279410039e+02,9.597895482654e-02,1.077932160448e-01,5.830728373290e-02,6.981622791403e-02,1.568398353674e-01,4.686145284446e-02
2.371373705662e+02,9.549528848367e-02,1.072598236017e-01,5.808212865665e-02,9.280858916884e-02,2.024811638689e-01,4.673859464369e-02
3.162277660168e+02,9.513460044458e-02,1.068620007046e-01,5.791398368053e-02,1.234703103495e-01,2.635367780589e-01,4.664674024195e-02
4.216965034286e+02,9.486525439525e-02,1.065648947861e-01,5.778828721537e-02,1.643590725512e-01,3.451073800191e-01,4.657801661600e-02
5.623413251903e+02,9.466391033377e-02,1.063427830838e-01,5.769425094474e-02,2.188856279649e-01,4.540017829680e-01,4.652656887664e-02
7.498942093325e+02,9.451328200471e-02,1.061766090452e-01,5.762385937045e-02,2.915983699614e-01,5.993062150898e-01,4.648803971454e-02
1.000000000000e+03,9.440052833671e-02,1.060522134232e-01,5.757114398173e-02,3.885626618486e-01,7.931428543736e-01,4.645917406859e-02
