zeta,phase0,phase1,phase2,phase3,phase4,phase5,phase6,phase7,envelope
-1.000000000000e+00,1.000000000000e+00,7.071067811865e-01,6.123233995737e-17,-7.071067811865e-01,-1.000000000000e+00,-7.071067811865e-01,-1.836970198721e-16,7.071067811865e-01,1.000000000000e+00
-9.900000000000e-01,9.699454284876e-01,7.064257389796e-01,2.909143238668e-02,-6.652842407494e-01,-9.699454284876e-01,-7.064257389796e-01,-2.909143238668e-02,6.652842407494e-01,9.703815979718e-01
-9.800000000000e-01,9.399435412035e-01,7.045335560002e-01,5.641736883894e-02,-6.247473478348e-01,-9.399435412035e-01,-7.045335560002e-01,-5.641736883894e-02,6.247473478348e-01,9.416351629781e-01
-9.700000000000e-01,9.100440849097e-01,7.015040177406e-01,8.203241103824e-02,-5.854926694962e-01,-9.100440849097e-01,-7.015040177406e-01,-8.203241103824e-02,5.854926694962e-01,9.137338523552e-01
-9.600000000000e-01,8.802936921825e-01,6.974085761289e-01,1.059909746942e-01,-5.475147022271e-01,-8.802936921825e-01,-6.974085761289e-01,-1.059909746942e-01,5.475147022271e-01,8.866516064458e-01
-9.500000000000e-01,8.507359804461e-01,6.923163595268e-01,1.283472046495e-01,-5.108060020188e-01,-8.507359804461e-01,-6.923163595268e-01,-1.283472046495e-01,5.108060020188e-01,8.603631287816e-01
-9.400000000000e-01,8.214116505149e-01,6.862941862603e-01,1.491548954723e-01,-4.753573101891e-01,-8.214116505149e-01,-6.862941862603e-01,-1.491548954723e-01,4.753573101891e-01,8.348438671062e-01
-9.300000000000e-01,7.923585844988e-01,6.794065814537e-01,1.684674173586e-01,-4.411576750072e-01,-7.923585844988e-01,-6.794065814537e-01,-1.684674173586e-01,4.411576750072e-01,8.100699952105e-01
-9.200000000000e-01,7.636119429367e-01,6.717157969460e-01,1.863376471645e-01,-4.081945691452e-01,-7.636119429367e-01,-6.717157969460e-01,-1.863376471645e-01,4.081945691452e-01,7.860183955522e-01
-9.100000000000e-01,7.352042610331e-01,6.632818340758e-01,2.028179043925e-01,-3.764540029917e-01,-7.352042610331e-01,-6.632818340758e-01,-2.028179043925e-01,3.764540029917e-01,7.626666426319e-01
-9.000000000000e-01,7.071655438802e-01,6.541624691288e-01,2.179598919571e-01,-3.459206338696e-01,-7.071655438802e-01,-6.541624691288e-01,-2.179598919571e-01,3.459206338696e-01,7.399929870974e-01
-8.900000000000e-01,6.795233605595e-01,6.444132812482e-01,2.318146415550e-01,-3.165778712044e-01,-6.795233605595e-01,-6.444132812482e-01,-2.318146415550e-01,3.165778712044e-01,7.179763405471e-01
-8.800000000000e-01,6.523029370213e-01,6.340876826177e-01,2.444324634703e-01,-2.884079776937e-01,-6.523029370213e-01,-6.340876826177e-01,-2.444324634703e-01,2.884079776937e-01,6.965962610041e-01
-8.700000000000e-01,6.255272476524e-01,6.232369507316e-01,2.558629006443e-01,-2.613921665323e-01,-6.255272476524e-01,-6.232369507316e-01,-2.558629006443e-01,2.613921665323e-01,6.758329390328e-01
-8.600000000000e-01,5.992171054473e-01,6.119102625769e-01,2.661546868442e-01,-2.355106947527e-01,-5.992171054473e-01,-6.119102625769e-01,-2.661546868442e-01,2.355106947527e-01,6.556671844692e-01
-8.500000000000e-01,5.733912507076e-01,6.001547305550e-01,2.753557087657e-01,-2.107429527417e-01,-5.733912507076e-01,-6.001547305550e-01,-2.753557087657e-01,2.107429527417e-01,6.360804137354e-01
-8.400000000000e-01,5.480664381993e-01,5.880154399829e-01,2.835129719093e-01,-1.870675500000e-01,-5.480664381993e-01,-5.880154399829e-01,-2.835129719093e-01,1.870675500000e-01,6.170546377115e-01
-8.300000000000e-01,5.232575227080e-01,5.755354880150e-01,2.906725700698e-01,-1.644623972124e-01,-5.232575227080e-01,-5.755354880150e-01,-2.906725700698e-01,1.644623972124e-01,5.985724501357e-01
-8.200000000000e-01,4.989775429338e-01,5.627560238383e-01,2.968796582854e-01,-1.429047846983e-01,-4.989775429338e-01,-5.627560238383e-01,-2.968796582854e-01,1.429047846983e-01,5.806170165056e-01
-8.100000000000e-01,4.752378036789e-01,5.497162899970e-01,3.021784290922e-01,-1.223714573181e-01,-4.752378036789e-01,-5.497162899970e-01,-3.021784290922e-01,1.223714573181e-01,5.631720634533e-01
-8.000000000000e-01,4.520479562833e-01,5.364536647105e-01,3.066120919351e-01,-1.028386859084e-01,-4.520479562833e-01,-5.364536647105e-01,-3.066120919351e-01,1.028386859084e-01,5.462218685669e-01
-7.900000000000e-01,4.294160772718e-01,5.230037050549e-01,3.102228555883e-01,-8.428233532387e-02,-4.294160772718e-01,-5.230037050549e-01,-3.102228555883e-01,8.428233532387e-02,5.297512506345e-01
-7.800000000000e-01,4.073487451795e-01,5.094001908834e-01,3.130519134433e-01,-6.667792916511e-02,-4.073487451795e-01,-5.094001908834e-01,-3.130519134433e-01,6.667792916511e-02,5.137455602823e-01
-7.700000000000e-01,3.858511155305e-01,4.956751693691e-01,3.151394315229e-01,-5.000071127095e-02,-3.858511155305e-01,-4.956751693691e-01,-3.151394315229e-01,5.000071127095e-02,4.981906709852e-01
-7.600000000000e-01,3.649269939460e-01,4.818590000571e-01,3.165245390863e-01,-3.422570405742e-02,-3.649269939460e-01,-4.818590000571e-01,-3.165245390863e-01,3.422570405742e-02,4.830729704240e-01
-7.500000000000e-01,3.445789073661e-01,4.679804003200e-01,3.172453216912e-01,-1.932776378486e-02,-3.445789073661e-01,-4.679804003200e-01,-3.172453216912e-01,1.932776378486e-02,4.683793521672e-01
-7.400000000000e-01,3.248081733721e-01,4.540664911164e-01,3.173388165839e-01,-5.281632836057e-03,-3.248081733721e-01,-4.540664911164e-01,-3.173388165839e-01,5.281632836057e-03,4.540972076551e-01
-7.300000000000e-01,3.056149676014e-01,4.401428429575e-01,3.168410102906e-01,7.938010911435e-03,-3.056149676014e-01,-4.401428429575e-01,-3.168410102906e-01,-7.938010911435e-03,4.402144184644e-01
-7.200000000000e-01,2.869983892495e-01,4.262335219909e-01,3.157868382881e-01,2.035650753503e-02,-2.869983892495e-01,-4.262335219909e-01,-3.157868382881e-01,-2.035650753503e-02,4.267193488322e-01
-7.100000000000e-01,2.689565246598e-01,4.123611361176e-01,3.142101866334e-01,3.199917125506e-02,-2.689565246598e-01,-4.123611361176e-01,-3.142101866334e-01,-3.199917125506e-02,4.136008384194e-01
-7.000000000000e-01,2.514865090031e-01,3.985468810631e-01,3.121438954378e-01,4.289124927709e-02,-2.514865090031e-01,-3.985468810631e-01,-3.121438954378e-01,-4.289124927709e-02,4.008481952930e-01
-6.900000000000e-01,2.345845860539e-01,3.848105863257e-01,3.096197640726e-01,5.305788320457e-02,-2.345845860539e-01,-3.848105863257e-01,-3.096197640726e-01,-5.305788320457e-02,3.884511891068e-01
-6.800000000000e-01,2.182461660725e-01,3.711707609341e-01,3.066685579968e-01,6.252407293844e-02,-2.182461660725e-01,-3.711707609341e-01,-3.066685579968e-01,-6.252407293844e-02,3.764000444596e-01
-6.700000000000e-01,2.024658818050e-01,3.576446389467e-01,3.033200171034e-01,7.131464298018e-02,-2.024658818050e-01,-3.576446389467e-01,-3.033200171034e-01,-7.131464298018e-02,3.646854344098e-01
-6.600000000000e-01,1.872376426175e-01,3.442482246321e-01,2.996028654801e-01,7.945421105568e-02,-1.872376426175e-01,-3.442482246321e-01,-2.996028654801e-01,-7.945421105568e-02,3.532984741219e-01
-6.500000000000e-01,1.725546867809e-01,3.309963372741e-01,2.955448224879e-01,8.696715897754e-02,-1.725546867809e-01,-3.309963372741e-01,-2.955448224879e-01,-8.696715897754e-02,3.422307146202e-01
-6.400000000000e-01,1.584096319274e-01,3.179026555467e-01,2.911726150612e-01,9.387760566443e-02,-1.584096319274e-01,-3.179026555467e-01,-2.911726150612e-01,-9.387760566443e-02,3.314741366214e-01
-6.300000000000e-01,1.447945237011e-01,3.049797614119e-01,2.865119911370e-01,1.002093822366e-01,-1.447945237011e-01,-3.049797614119e-01,-2.865119911370e-01,-1.002093822366e-01,3.210211444113e-01
-6.200000000000e-01,1.317008826256e-01,2.922391834932e-01,2.815877341273e-01,1.059860091075e-01,-1.317008826256e-01,-2.922391834932e-01,-2.815877341273e-01,-1.059860091075e-01,3.108645597287e-01
-6.100000000000e-01,1.191197492180e-01,2.796914398840e-01,2.764236783457e-01,1.112306749935e-01,-1.191197492180e-01,-2.796914398840e-01,-2.764236783457e-01,-1.112306749935e-01,3.009976156117e-01
-6.000000000000e-01,1.070417273733e-01,2.673460803530e-01,2.710427253092e-01,1.159662177619e-01,-1.070417273733e-01,-2.673460803530e-01,-2.710427253092e-01,-1.159662177619e-01,2.914139501501e-01
-5.900000000000e-01,9.545702605300e-02,2.552117279104e-01,2.654668608346e-01,1.202151070425e-01,-9.545702605300e-02,-2.552117279104e-01,-2.654668608346e-01,-1.202151070425e-01,2.821076000824e-01
-5.800000000000e-01,8.435549930600e-02,2.432961197052e-01,2.597171728538e-01,1.239994285259e-01,-8.435549930600e-02,-2.432961197052e-01,-2.597171728538e-01,-1.239994285259e-01,2.730729941579e-01
-5.700000000000e-01,7.372668465535e-02,2.316061472226e-01,2.538138698759e-01,1.273408698742e-01,-7.372668465535e-02,-2.316061472226e-01,-2.538138698759e-01,-1.273408698742e-01,2.643049461732e-01
-5.600000000000e-01,6.355983988468e-02,2.201478957585e-01,2.477763000249e-01,1.302607081713e-01,-6.355983988468e-02,-2.201478957585e-01,-2.477763000249e-01,-1.302607081713e-01,2.557986475730e-01
-5.500000000000e-01,5.384397825845e-02,2.089266831456e-01,2.416229705877e-01,1.327797988404e-01,-5.384397825845e-02,-2.089266831456e-01,-2.416229705877e-01,-1.327797988404e-01,2.475496594834e-01
-5.400000000000e-01,4.456790221182e-02,1.979470977134e-01,2.353715680068e-01,1.349185659589e-01,-4.456790221182e-02,-1.979470977134e-01,-2.353715680068e-01,-1.349185659589e-01,2.395539040249e-01
-5.300000000000e-01,3.572023554648e-02,1.872130354621e-01,2.290389782570e-01,1.366969939011e-01,-3.572023554648e-02,-1.872130354621e-01,-2.290389782570e-01,-1.366969939011e-01,2.318076547237e-01
-5.200000000000e-01,2.728945416949e-02,1.767277364375e-01,2.226413075479e-01,1.381346202412e-01,-2.728945416949e-02,-1.767277364375e-01,-2.226413075479e-01,-1.381346202412e-01,2.243075258111e-01
-5.100000000000e-01,1.926391541294e-02,1.664938202919e-01,2.161939032951e-01,1.392505298505e-01,-1.926391541294e-02,-1.664938202919e-01,-2.161939032951e-01,-1.392505298505e-01,2.170504601677e-01
-5.000000000000e-01,1.163188597237e-02,1.565133210217e-01,2.097113753086e-01,1.400633501236e-01,-1.163188597237e-02,-1.565133210217e-01,-2.097113753086e-01,-1.400633501236e-01,2.100337156389e-01
-4.900000000000e-01,4.381568502707e-03,1.467877208723e-01,2.032076171447e-01,1.405912472713e-01,-4.381568502707e-03,-1.467877208723e-01,-2.032076171447e-01,-1.405912472713e-01,2.032548494088e-01
-4.800000000000e-01,-2.498873089537e-03,1.373179834035e-01,1.966958275765e-01,1.408519236174e-01,2.498873089537e-03,-1.373179834035e-01,-1.966958275765e-01,-1.408519236174e-01,1.967117000910e-01
-4.700000000000e-01,-9.021289618674e-03,1.281045857111e-01,1.901885321334e-01,1.408626158399e-01,9.021289618674e-03,-1.281045857111e-01,-1.901885321334e-01,-1.408626158399e-01,1.904023671635e-01
-4.600000000000e-01,-1.519752381769e-02,1.191475498007e-01,1.836976046693e-01,1.406400940982e-01,1.519752381769e-02,-1.191475498007e-01,-1.836976046693e-01,-1.406400940982e-01,1.843251873495e-01
-4.500000000000e-01,-2.103938872226e-02,1.104464731128e-01,1.772342889147e-01,1.402006619879e-01,2.103938872226e-02,-1.104464731128e-01,-1.772342889147e-01,-1.402006619879e-01,1.784787075393e-01
-4.400000000000e-01,-2.655864720174e-02,1.020005581984e-01,1.708092199756e-01,1.395601572694e-01,2.655864720174e-02,-1.020005581984e-01,-1.708092199756e-01,-1.395601572694e-01,1.728616538445e-01
-4.300000000000e-01,-3.176699259797e-02,9.380864154724e-02,1.644324457419e-01,1.387339533151e-01,3.176699259797e-02,-9.380864154724e-02,-1.644324457419e-01,-1.387339533151e-01,1.674728964083e-01
-4.200000000000e-01,-3.667603043295e-02,8.586922157023e-02,1.581134481680e-01,1.377369612225e-01,3.667603043295e-02,-8.586922157023e-02,-1.581134481680e-01,-1.377369612225e-01,1.623114096417e-01
-4.100000000000e-01,-4.129726114663e-02,7.818048574138e-02,1.518611643950e-01,1.365836325438e-01,4.129726114663e-02,-7.818048574138e-02,-1.518611643950e-01,-1.365836325438e-01,1.573762276509e-01
-4.000000000000e-01,-4.564206382644e-02,7.074033690267e-02,1.456840076810e-01,1.352879625807e-01,4.564206382644e-02,-7.074033690267e-02,-1.456840076810e-01,-1.352879625807e-01,1.526663947447e-01
-3.900000000000e-01,-4.972168089037e-02,6.354641873883e-02,1.395898881111e-01,1.338634941980e-01,4.972168089037e-02,-6.354641873883e-02,-1.395898881111e-01,-1.338634941980e-01,1.481809110966e-01
-3.800000000000e-01,-5.354720368599e-02,5.659614042864e-02,1.335862330581e-01,1.323233221085e-01,5.354720368599e-02,-5.659614042864e-02,-1.335862330581e-01,-1.323233221085e-01,1.439186738587e-01
-3.700000000000e-01,-5.712955896816e-02,4.988670048052e-02,1.276800073698e-01,1.306800975857e-01,5.712955896816e-02,-4.988670048052e-02,-1.276800073698e-01,-1.306800975857e-01,1.398784143098e-01
-3.600000000000e-01,-6.047949621861e-02,4.341510976108e-02,1.218777332546e-01,1.289460335589e-01,6.047949621861e-02,-4.341510976108e-02,-1.218777332546e-01,-1.289460335589e-01,1.360586319428e-01
-3.500000000000e-01,-6.360757577132e-02,3.717821372582e-02,1.161855098472e-01,1.271329100513e-01,6.360757577132e-02,-3.717821372582e-02,-1.161855098472e-01,-1.271329100513e-01,1.324575267546e-01
-3.400000000000e-01,-6.652415770799e-02,3.117271386195e-02,1.106090324275e-01,1.252520799180e-01,6.652415770799e-02,-3.117271386195e-02,-1.106090324275e-01,-1.252520799180e-01,1.290729313734e-01
-3.300000000000e-01,-6.923939148868e-02,2.539518835364e-02,1.051536112774e-01,1.233144748474e-01,6.923939148868e-02,-2.539518835364e-02,-1.051536112774e-01,-1.233144748474e-01,1.259022450094e-01
-3.200000000000e-01,-7.176320628324e-02,1.984211198079e-02,9.982419015260e-02,1.213306115859e-01,7.176320628324e-02,-1.984211198079e-02,-9.982419015260e-02,-1.213306115859e-01,1.229423715229e-01
-3.100000000000e-01,-7.410530197003e-02,1.450987526249e-02,9.462536435459e-02,1.193105983523e-01,7.410530197003e-02,-1.450987526249e-02,-9.462536435459e-02,-1.193105983523e-01,1.201896641118e-01
-3.000000000000e-01,-7.627514076886e-02,9.394802856937e-03,8.956139838496e-02,1.172641414042e-01,7.627514076886e-02,-9.394802856937e-03,-8.956139838496e-02,-1.172641414042e-01,1.176398792076e-01
-2.900000000000e-01,-7.828193947619e-02,4.493171229692e-03,8.463624316728e-02,1.152005517258e-01,7.828193947619e-02,-4.493171229692e-03,-8.463624316728e-02,-1.152005517258e-01,1.152881420859e-01
-2.800000000000e-01,-8.013466227113e-02,-1.987743974781e-04,7.985355282236e-02,1.131287518025e-01,8.013466227113e-02,1.987743974781e-04,-7.985355282236e-02,-1.131287518025e-01,1.131289264320e-01
-2.700000000000e-01,-8.184201406175e-02,-4.684803804932e-03,7.521670098376e-02,1.110572824531e-01,8.184201406175e-02,4.684803804932e-03,-7.521670098376e-02,-1.110572824531e-01,1.111560496445e-01
-2.600000000000e-01,-8.341243434204e-02,-8.968686228173e-03,7.072879664149e-02,1.089943096889e-01,8.341243434204e-02,8.968686228173e-03,-7.072879664149e-02,-1.089943096889e-01,1.093626850311e-01
-2.500000000000e-01,-8.485409153061e-02,-1.305417549309e-02,6.639269950268e-02,1.069476315723e-01,8.485409153061e-02,1.305417549309e-02,-6.639269950268e-02,-1.069476315723e-01,1.077413912883e-01
-2.400000000000e-01,-8.617487776317e-02,-1.694499582094e-02,6.221103485883e-02,1.049246850476e-01,8.617487776317e-02,1.694499582094e-02,-6.221103485883e-02,-1.049246850476e-01,1.062841588183e-01
-2.300000000000e-01,-8.738240411188e-02,-2.064482829066e-02,5.818620795037e-02,1.029325527171e-01,8.738240411188e-02,2.064482829066e-02,-5.818620795037e-02,-1.029325527171e-01,1.049824716037e-01
-2.200000000000e-01,-8.848399620522e-02,-2.415729794611e-02,5.432041781954e-02,1.009779695403e-01,8.848399620522e-02,2.415729794611e-02,-5.432041781954e-02,-1.009779695403e-01,1.038273825950e-01
-2.100000000000e-01,-8.948669022328e-02,-2.748596153621e-02,5.061567064391e-02,9.906732942943e-02,8.948669022328e-02,2.748596153621e-02,-5.061567064391e-02,-9.906732942943e-02,1.028095999499e-01
-2.000000000000e-01,-9.039722924418e-02,-3.063429587572e-02,4.707379254298e-02,9.720669172234e-02,9.039722924418e-02,3.063429587572e-02,-4.707379254298e-02,-9.720669172234e-02,1.019195810402e-01
-1.900000000000e-01,-9.122205991834e-02,-3.360568681521e-02,4.369644185141e-02,9.540178750892e-02,9.122205991834e-02,3.360568681521e-02,-4.369644185141e-02,-9.540178750892e-02,1.011476309471e-01
-1.800000000000e-01,-9.196732944820e-02,-3.640341880834e-02,4.048512085269e-02,9.365802579253e-02,9.196732944820e-02,3.640341880834e-02,-4.048512085269e-02,-9.365802579253e-02,1.004840021908e-01
-1.700000000000e-01,-9.263888285208e-02,-3.903066506560e-02,3.744118696786e-02,9.198049946689e-02,9.263888285208e-02,3.903066506560e-02,-3.744118696786e-02,-9.198049946689e-02,9.991899267728e-02
-1.600000000000e-01,-9.324226049179e-02,-4.149047828335e-02,3.456586339412e-02,9.037399109046e-02,9.324226049179e-02,4.149047828335e-02,-3.456586339412e-02,-9.037399109046e-02,9.944303924257e-02
-1.500000000000e-01,-9.378269584465e-02,-4.378578193779e-02,3.186024918912e-02,8.884297844162e-02,9.378269584465e-02,4.378578193779e-02,-3.186024918912e-02,-8.884297844162e-02,9.904680468487e-02
-1.400000000000e-01,-9.426511350155e-02,-4.591936213374e-02,2.932532879649e-02,8.739163983879e-02,9.426511350155e-02,4.591936213374e-02,-2.932532879649e-02,-8.739163983879e-02,9.872125674080e-02
-1.300000000000e-01,-9.469412737372e-02,-4.789385999854e-02,2.696198100938e-02,8.602385921046e-02,9.469412737372e-02,4.789385999854e-02,-2.696198100938e-02,-8.602385921046e-02,9.845773803526e-02
-1.200000000000e-01,-9.507403909187e-02,-4.971176461182e-02,2.477098736834e-02,8.474323090149e-02,9.507403909187e-02,4.971176461182e-02,-2.477098736834e-02,-8.474323090149e-02,9.824802656768e-02
-1.100000000000e-01,-9.540883658244e-02,-5.137540646236e-02,2.275303999093e-02,8.355306420276e-02,9.540883658244e-02,5.137540646236e-02,-2.275303999093e-02,-8.355306420276e-02,9.808438676386e-02
-1.000000000000e-01,-9.570219280674e-02,-5.288695142399e-02,2.090874883037e-02,8.245638759215e-02,9.570219280674e-02,5.288695142399e-02,-2.090874883037e-02,-8.245638759215e-02,9.795961150224e-02
-9.000000000000e-02,-9.595746464968e-02,-5.424839524248e-02,1.923864836079e-02,8.145595267603e-02,9.595746464968e-02,5.424839524248e-02,-1.923864836079e-02,-8.145595267603e-02,9.786705580912e-02
-8.000000000000e-02,-9.617769194601e-02,-5.546155852661e-02,1.774320368732e-02,8.055423782117e-02,9.617769194601e-02,5.546155852661e-02,-1.774320368732e-02,-8.055423782117e-02,9.780066311202e-02
-7.000000000000e-02,-9.636559663288e-02,-5.652808223653e-02,1.642281607904e-02,7.975345146786e-02,9.636559663288e-02,5.652808223653e-02,-1.642281607904e-02,-7.975345146786e-02,9.775498505128e-02
-6.000000000000e-02,-9.652358201873e-02,-5.744942366350e-02,1.527782792329e-02,7.905553511622e-02,9.652358201873e-02,5.744942366350e-02,-1.527782792329e-02,-7.905553511622e-02,9.772519589021e-02
-5.000000000000e-02,-9.665373215940e-02,-5.822685289564e-02,1.430852710008e-02,7.846216597816e-02,9.665373215940e-02,5.822685289564e-02,-1.430852710008e-02,-7.846216597816e-02,9.770710254692e-02
-4.000000000000e-02,-9.675781133354e-02,-5.886144976466e-02,1.351515077542e-02,7.797475928878e-02,9.675781133354e-02,5.886144976466e-02,-1.351515077542e-02,-7.797475928878e-02,9.769715120995e-02
-3.000000000000e-02,-9.683726361048e-02,-5.935410126961e-02,1.289788861254e-02,7.759447027144e-02,9.683726361048e-02,5.935410126961e-02,-1.289788861254e-02,-7.759447027144e-02,9.769243140708e-02
-2.000000000000e-02,-9.689321250457e-02,-5.970549947389e-02,1.245688540033e-02,7.732219575197e-02,9.689321250457e-02,5.970549947389e-02,-1.245688540033e-02,-7.732219575197e-02,9.769067828269e-02
-1.000000000000e-02,-9.692646071131e-02,-5.991613987266e-02,1.219224309835e-02,7.715857541810e-02,9.692646071131e-02,5.991613987266e-02,-1.219224309835e-02,-7.715857541810e-02,9.769027371131e-02
0.000000000000e+00,-9.693748992161e-02,-5.998632022836e-02,1.210402229780e-02,7.710399272118e-02,9.693748992161e-02,5.998632022836e-02,-1.210402229780e-02,-7.710399272118e-02,9.769024673983e-02
1.000000000000e-02,-9.692646071131e-02,-5.991613987266e-02,1.219224309835e-02,7.715857541810e-02,9.692646071131e-02,5.991613987266e-02,-1.219224309835e-02,-7.715857541810e-02,9.769027371131e-02
2.000000000000e-02,-9.689321250457e-02,-5.970549947389e-02,1.245688540033e-02,7.732219575197e-02,9.689321250457e-02,5.970549947389e-02,-1.245688540033e-02,-7.732219575197e-02,9.769067828269e-02
3.000000000000e-02,-9.683726361048e-02,-5.935410126961e-02,1.289788861254e-02,7.759447027144e-02,9.683726361048e-02,5.935410126961e-02,-1.289788861254e-02,-7.759447027144e-02,9.769243140708e-02
4.000000000000e-02,-9.675781133354e-02,-5.886144976466e-02,1.351515077542e-02,7.797475928878e-02,9.675781133354e-02,5.886144976466e-02,-1.351515077542e-02,-7.797475928878e-02,9.769715120995e-02
5.000000000000e-02,-9.665373215940e-02,-5.822685289564e-02,1.430852710008e-02,7.846216597816e-02,9.665373215940e-02,5.822685289564e-02,-1.430852710008e-02,-7.846216597816e-02,9.770710254692e-02
6.000000000000e-02,-9.652358201873e-02,-5.744942366350e-02,1.527782792329e-02,7.905553511622e-02,9.652358201873e-02,5.744942366350e-02,-1.527782792329e-02,-7.905553511622e-02,9.772519589021e-02
7.000000000000e-02,-9.636559663288e-02,-5.652808223653e-02,1.642281607904e-02,7.975345146786e-02,9.636559663288e-02,5.652808223653e-02,-1.642281607904e-02,-7.975345146786e-02,9.775498505128e-02
8.000000000000e-02,-9.617769194601e-02,-5.546155852661e-02,1.774320368732e-02,8.055423782117e-02,9.617769194601e-02,5.546155852661e-02,-1.774320368732e-02,-8.055423782117e-02,9.780066311202e-02
9.000000000000e-02,-9.595746464968e-02,-5.424839524248e-02,1.923864836079e-02,8.145595267603e-02,9.595746464968e-02,5.424839524248e-02,-1.923864836079e-02,-8.145595267603e-02,9.786705580912e-02
1.000000000000e-01,-9.570219280674e-02,-5.288695142399e-02,2.090874883037e-02,8.245638759215e-02,9.570219280674e-02,5.288695142399e-02,-2.090874883037e-02,-8.245638759215e-02,9.795961150224e-02
1.100000000000e-01,-9.540883658244e-02,-5.137540646236e-02,2.275303999093e-02,8.355306420276e-02,9.540883658244e-02,5.137540646236e-02,-2.275303999093e-02,-8.355306420276e-02,9.808438676386e-02
1.200000000000e-01,-9.507403909187e-02,-4.971176461182e-02,2.477098736834e-02,8.474323090149e-02,9.507403909187e-02,4.971176461182e-02,-2.477098736834e-02,-8.474323090149e-02,9.824802656768e-02
1.300000000000e-01,-9.469412737372e-02,-4.789385999854e-02,2.696198100938e-02,8.602385921046e-02,9.469412737372e-02,4.789385999854e-02,-2.696198100938e-02,-8.602385921046e-02,9.845773803526e-02
1.400000000000e-01,-9.426511350155e-02,-4.591936213374e-02,2.932532879649e-02,8.739163983879e-02,9.426511350155e-02,4.591936213374e-02,-2.932532879649e-02,-8.739163983879e-02,9.872125674080e-02
1.500000000000e-01,-9.378269584465e-02,-4.378578193779e-02,3.186024918912e-02,8.884297844162e-02,9.378269584465e-02,4.378578193779e-02,-3.186024918912e-02,-8.884297844162e-02,9.904680468487e-02
1.600000000000e-01,-9.324226049179e-02,-4.149047828335e-02,3.456586339412e-02,9.037399109046e-02,9.324226049179e-02,4.149047828335e-02,-3.456586339412e-02,-9.037399109046e-02,9.944303924257e-02
1.700000000000e-01,-9.263888285208e-02,-3.903066506560e-02,3.744118696786e-02,9.198049946689e-02,9.263888285208e-02,3.903066506560e-02,-3.744118696786e-02,-9.198049946689e-02,9.991899267728e-02
1.800000000000e-01,-9.196732944820e-02,-3.640341880834e-02,4.048512085269e-02,9.365802579253e-02,9.196732944820e-02,3.640341880834e-02,-4.048512085269e-02,-9.365802579253e-02,1.004840021908e-01
1.900000000000e-01,-9.122205991834e-02,-3.360568681521e-02,4.369644185141e-02,9.540178750892e-02,9.122205991834e-02,3.360568681521e-02,-4.369644185141e-02,-9.540178750892e-02,1.011476309471e-01
2.000000000000e-01,-9.039722924418e-02,-3.063429587572e-02,4.707379254298e-02,9.720669172234e-02,9.039722924418e-02,3.063429587572e-02,-4.707379254298e-02,-9.720669172234e-02,1.019195810402e-01
2.100000000000e-01,-8.948669022328e-02,-2.748596153621e-02,5.061567064391e-02,9.906732942943e-02,8.948669022328e-02,2.748596153621e-02,-5.061567064391e-02,-9.906732942943e-02,1.028095999499e-01
2.200000000000e-01,-8.848399620522e-02,-2.415729794611e-02,5.432041781954e-02,1.009779695403e-01,8.848399620522e-02,2.415729794611e-02,-5.432041781954e-02,-1.009779695403e-01,1.038273825950e-01
2.300000000000e-01,-8.738240411188e-02,-2.064482829066e-02,5.818620795037e-02,1.029325527171e-01,8.738240411188e-02,2.064482829066e-02,-5.818620795037e-02,-1.029325527171e-01,1.049824716037e-01
2.400000000000e-01,-8.617487776317e-02,-1.694499582094e-02,6.221103485883e-02,1.049246850476e-01,8.617487776317e-02,1.694499582094e-02,-6.221103485883e-02,-1.049246850476e-01,1.062841588183e-01
2.500000000000e-01,-8.485409153061e-02,-1.305417549309e-02,6.639269950268e-02,1.069476315723e-01,8.485409153061e-02,1.305417549309e-02,-6.639269950268e-02,-1.069476315723e-01,1.077413912883e-01
2.600000000000e-01,-8.341243434204e-02,-8.968686228173e-03,7.072879664149e-02,1.089943096889e-01,8.341243434204e-02,8.968686228173e-03,-7.072879664149e-02,-1.089943096889e-01,1.093626850311e-01
2.700000000000e-01,-8.184201406175e-02,-4.684803804932e-03,7.521670098376e-02,1.110572824531e-01,8.184201406175e-02,4.684803804932e-03,-7.521670098376e-02,-1.110572824531e-01,1.111560496445e-01
2.800000000000e-01,-8.013466227113e-02,-1.987743974781e-04,7.985355282236e-02,1.131287518025e-01,8.013466227113e-02,1.987743974781e-04,-7.985355282236e-02,-1.131287518025e-01,1.131289264320e-01
2.900000000000e-01,-7.828193947619e-02,4.493171229692e-03,8.463624316728e-02,1.152005517258e-01,7.828193947619e-02,-4.493171229692e-03,-8.463624316728e-02,-1.152005517258e-01,1.152881420859e-01
3.000000000000e-01,-7.627514076886e-02,9.394802856937e-03,8.956139838496e-02,1.172641414042e-01,7.627514076886e-02,-9.394802856937e-03,-8.956139838496e-02,-1.172641414042e-01,1.176398792076e-01
3.100000000000e-01,-7.410530197003e-02,1.450987526249e-02,9.462536435459e-02,1.193105983523e-01,7.410530197003e-02,-1.450987526249e-02,-9.462536435459e-02,-1.193105983523e-01,1.201896641118e-01
3.200000000000e-01,-7.176320628324e-02,1.984211198079e-02,9.982419015260e-02,1.213306115859e-01,7.176320628324e-02,-1.984211198079e-02,-9.982419015260e-02,-1.213306115859e-01,1.229423715229e-01
3.300000000000e-01,-6.923939148868e-02,2.539518835364e-02,1.051536112774e-01,1.233144748474e-01,6.923939148868e-02,-2.539518835364e-02,-1.051536112774e-01,-1.233144748474e-01,1.259022450094e-01
3.400000000000e-01,-6.652415770799e-02,3.117271386195e-02,1.106090324275e-01,1.252520799180e-01,6.652415770799e-02,-3.117271386195e-02,-1.106090324275e-01,-1.252520799180e-01,1.290729313734e-01
3.500000000000e-01,-6.360757577132e-02,3.717821372582e-02,1.161855098472e-01,1.271329100513e-01,6.360757577132e-02,-3.717821372582e-02,-1.161855098472e-01,-1.271329100513e-01,1.324575267546e-01
3.600000000000e-01,-6.047949621861e-02,4.341510976108e-02,1.218777332546e-01,1.289460335589e-01,6.047949621861e-02,-4.341510976108e-02,-1.218777332546e-01,-1.289460335589e-01,1.360586319428e-01
3.700000000000e-01,-5.712955896816e-02,4.988670048052e-02,1.276800073698e-01,1.306800975857e-01,5.712955896816e-02,-4.988670048052e-02,-1.276800073698e-01,-1.306800975857e-01,1.398784143098e-01
3.800000000000e-01,-5.354720368599e-02,5.659614042864e-02,1.335862330581e-01,1.323233221085e-01,5.354720368599e-02,-5.659614042864e-02,-1.335862330581e-01,-1.323233221085e-01,1.439186738587e-01
3.900000000000e-01,-4.972168089037e-02,6.354641873883e-02,1.395898881111e-01,1.338634941980e-01,4.972168089037e-02,-6.354641873883e-02,-1.395898881111e-01,-1.338634941980e-01,1.481809110966e-01
4.000000000000e-01,-4.564206382644e-02,7.074033690267e-02,1.456840076810e-01,1.352879625807e-01,4.564206382644e-02,-7.074033690267e-02,-1.456840076810e-01,-1.352879625807e-01,1.526663947447e-01
4.100000000000e-01,-4.129726114663e-02,7.818048574138e-02,1.518611643950e-01,1.365836325438e-01,4.129726114663e-02,-7.818048574138e-02,-1.518611643950e-01,-1.365836325438e-01,1.573762276509e-01
4.200000000000e-01,-3.667603043295e-02,8.586922157023e-02,1.581134481680e-01,1.377369612225e-01,3.667603043295e-02,-8.586922157023e-02,-1.581134481680e-01,-1.377369612225e-01,1.623114096417e-01
4.300000000000e-01,-3.176699259797e-02,9.380864154724e-02,1.644324457419e-01,1.387339533151e-01,3.176699259797e-02,-9.380864154724e-02,-1.644324457419e-01,-1.387339533151e-01,1.674728964083e-01
4.400000000000e-01,-2.655864720174e-02,1.020005581984e-01,1.708092199756e-01,1.395601572694e-01,2.655864720174e-02,-1.020005581984e-01,-1.708092199756e-01,-1.395601572694e-01,1.728616538445e-01
4.500000000000e-01,-2.103938872226e-02,1.104464731128e-01,1.772342889147e-01,1.402006619879e-01,2.103938872226e-02,-1.104464731128e-01,-1.772342889147e-01,-1.402006619879e-01,1.784787075393e-01
4.600000000000e-01,-1.519752381769e-02,1.191475498007e-01,1.836976046693e-01,1.406400940982e-01,1.519752381769e-02,-1.191475498007e-01,-1.836976046693e-01,-1.406400940982e-01,1.843251873495e-01
4.700000000000e-01,-9.021289618674e-03,1.281045857111e-01,1.901885321334e-01,1.408626158399e-01,9.021289618674e-03,-1.281045857111e-01,-1.901885321334e-01,-1.408626158399e-01,1.904023671635e-01
4.800000000000e-01,-2.498873089537e-03,1.373179834035e-01,1.966958275765e-01,1.408519236174e-01,2.498873089537e-03,-1.373179834035e-01,-1.966958275765e-01,-1.408519236174e-01,1.967117000910e-01
4.900000000000e-01,4.381568502707e-03,1.467877208723e-01,2.032076171447e-01,1.405912472713e-01,-4.381568502707e-03,-1.467877208723e-01,-2.032076171447e-01,-1.405912472713e-01,2.032548494088e-01
5.000000000000e-01,1.163188597237e-02,1.565133210217e-01,2.097113753086e-01,1.400633501236e-01,-1.163188597237e-02,-1.565133210217e-01,-2.097113753086e-01,-1.400633501236e-01,2.100337156389e-01
5.100000000000e-01,1.926391541294e-02,1.664938202919e-01,2.161939032951e-01,1.392505298505e-01,-1.926391541294e-02,-1.664938202919e-01,-2.161939032951e-01,-1.392505298505e-01,2.170504601677e-01
5.200000000000e-01,2.728945416949e-02,1.767277364375e-01,2.226413075479e-01,1.381346202412e-01,-2.728945416949e-02,-1.767277364375e-01,-2.226413075479e-01,-1.381346202412e-01,2.243075258111e-01
5.300000000000e-01,3.572023554648e-02,1.872130354621e-01,2.290389782570e-01,1.366969939011e-01,-3.572023554648e-02,-1.872130354621e-01,-2.290389782570e-01,-1.366969939011e-01,2.318076547237e-01
5.400000000000e-01,4.456790221182e-02,1.979470977134e-01,2.353715680068e-01,1.349185659589e-01,-4.456790221182e-02,-1.979470977134e-01,-2.353715680068e-01,-1.349185659589e-01,2.395539040249e-01
5.500000000000e-01,5.384397825845e-02,2.089266831456e-01,2.416229705877e-01,1.327797988404e-01,-5.384397825845e-02,-2.089266831456e-01,-2.416229705877e-01,-1.327797988404e-01,2.475496594834e-01
5.600000000000e-01,6.355983988468e-02,2.201478957585e-01,2.477763000249e-01,1.302607081713e-01,-6.355983988468e-02,-2.201478957585e-01,-2.477763000249e-01,-1.302607081713e-01,2.557986475730e-01
5.700000000000e-01,7.372668465535e-02,2.316061472226e-01,2.538138698759e-01,1.273408698742e-01,-7.372668465535e-02,-2.316061472226e-01,-2.538138698759e-01,-1.273408698742e-01,2.643049461732e-01
5.800000000000e-01,8.435549930600e-02,2.432961197052e-01,2.597171728538e-01,1.239994285259e-01,-8.435549930600e-02,-2.432961197052e-01,-2.597171728538e-01,-1.239994285259e-01,2.730729941579e-01
5.900000000000e-01,9.545702605300e-02,2.552117279104e-01,2.654668608346e-01,1.202151070425e-01,-9.545702605300e-02,-2.552117279104e-01,-2.654668608346e-01,-1.202151070425e-01,2.821076000824e-01
6.000000000000e-01,1.070417273733e-01,2.673460803530e-01,2.710427253092e-01,1.159662177619e-01,-1.070417273733e-01,-2.673460803530e-01,-2.710427253092e-01,-1.159662177619e-01,2.914139501501e-01
6.100000000000e-01,1.191197492180e-01,2.796914398840e-01,2.764236783457e-01,1.112306749935e-01,-1.191197492180e-01,-2.796914398840e-01,-2.764236783457e-01,-1.112306749935e-01,3.009976156117e-01
6.200000000000e-01,1.317008826256e-01,2.922391834932e-01,2.815877341273e-01,1.059860091075e-01,-1.317008826256e-01,-2.922391834932e-01,-2.815877341273e-01,-1.059860091075e-01,3.108645597287e-01
6.300000000000e-01,1.447945237011e-01,3.049797614119e-01,2.865119911370e-01,1.002093822366e-01,-1.447945237011e-01,-3.049797614119e-01,-2.865119911370e-01,-1.002093822366e-01,3.210211444113e-01
6.400000000000e-01,1.584096319274e-01,3.179026555467e-01,2.911726150612e-01,9.387760566443e-02,-1.584096319274e-01,-3.179026555467e-01,-2.911726150612e-01,-9.387760566443e-02,3.314741366214e-01
6.500000000000e-01,1.725546867809e-01,3.309963372741e-01,2.955448224879e-01,8.696715897754e-02,-1.725546867809e-01,-3.309963372741e-01,-2.955448224879e-01,-8.696715897754e-02,3.422307146202e-01
6.600000000000e-01,1.872376426175e-01,3.442482246321e-01,2.996028654801e-01,7.945421105568e-02,-1.872376426175e-01,-3.442482246321e-01,-2.996028654801e-01,-7.945421105568e-02,3.532984741219e-01
6.700000000000e-01,2.024658818050e-01,3.576446389467e-01,3.033200171034e-01,7.131464298018e-02,-2.024658818050e-01,-3.576446389467e-01,-3.033200171034e-01,-7.131464298018e-02,3.646854344098e-01
6.800000000000e-01,2.182461660725e-01,3.711707609341e-01,3.066685579968e-01,6.252407293844e-02,-2.182461660725e-01,-3.711707609341e-01,-3.066685579968e-01,-6.252407293844e-02,3.764000444596e-01
6.900000000000e-01,2.345845860539e-01,3.848105863257e-01,3.096197640726e-01,5.305788320457e-02,-2.345845860539e-01,-3.848105863257e-01,-3.096197640726e-01,-5.305788320457e-02,3.884511891068e-01
7.000000000000e-01,2.514865090031e-01,3.985468810631e-01,3.121438954378e-01,4.289124927709e-02,-2.514865090031e-01,-3.985468810631e-01,-3.121438954378e-01,-4.289124927709e-02,4.008481952930e-01
7.100000000000e-01,2.689565246598e-01,4.123611361176e-01,3.142101866334e-01,3.199917125506e-02,-2.689565246598e-01,-4.123611361176e-01,-3.142101866334e-01,-3.199917125506e-02,4.136008384194e-01
7.200000000000e-01,2.869983892495e-01,4.262335219909e-01,3.157868382881e-01,2.035650753503e-02,-2.869983892495e-01,-4.262335219909e-01,-3.157868382881e-01,-2.035650753503e-02,4.267193488322e-01
7.300000000000e-01,3.056149676014e-01,4.401428429575e-01,3.168410102906e-01,7.938010911435e-03,-3.056149676014e-01,-4.401428429575e-01,-3.168410102906e-01,-7.938010911435e-03,4.402144184644e-01
7.400000000000e-01,3.248081733721e-01,4.540664911164e-01,3.173388165839e-01,-5.281632836057e-03,-3.248081733721e-01,-4.540664911164e-01,-3.173388165839e-01,5.281632836057e-03,4.540972076551e-01
7.500000000000e-01,3.445789073661e-01,4.679804003200e-01,3.172453216912e-01,-1.932776378486e-02,-3.445789073661e-01,-4.679804003200e-01,-3.172453216912e-01,1.932776378486e-02,4.683793521672e-01
7.600000000000e-01,3.649269939460e-01,4.818590000571e-01,3.165245390863e-01,-3.422570405742e-02,-3.649269939460e-01,-4.818590000571e-01,-3.165245390863e-01,3.422570405742e-02,4.830729704240e-01
7.700000000000e-01,3.858511155305e-01,4.956751693691e-01,3.151394315229e-01,-5.000071127095e-02,-3.858511155305e-01,-4.956751693691e-01,-3.151394315229e-01,5.000071127095e-02,4.981906709852e-01
7.800000000000e-01,4.073487451795e-01,5.094001908834e-01,3.130519134433e-01,-6.667792916511e-02,-4.073487451795e-01,-5.094001908834e-01,-3.130519134433e-01,6.667792916511e-02,5.137455602823e-01
7.900000000000e-01,4.294160772718e-01,5.230037050549e-01,3.102228555883e-01,-8.428233532387e-02,-4.294160772718e-01,-5.230037050549e-01,-3.102228555883e-01,8.428233532387e-02,5.297512506345e-01
8.000000000000e-01,4.520479562833e-01,5.364536647105e-01,3.066120919351e-01,-1.028386859084e-01,-4.520479562833e-01,-5.364536647105e-01,-3.066120919351e-01,1.028386859084e-01,5.462218685669e-01
8.100000000000e-01,4.752378036789e-01,5.497162899970e-01,3.021784290922e-01,-1.223714573181e-01,-4.752378036789e-01,-5.497162899970e-01,-3.021784290922e-01,1.223714573181e-01,5.631720634533e-01
8.200000000000e-01,4.989775429338e-01,5.627560238383e-01,2.968796582854e-01,-1.429047846983e-01,-4.989775429338e-01,-5.627560238383e-01,-2.968796582854e-01,1.429047846983e-01,5.806170165056e-01
8.300000000000e-01,5.232575227080e-01,5.755354880150e-01,2.906725700698e-01,-1.644623972124e-01,-5.232575227080e-01,-5.755354880150e-01,-2.906725700698e-01,1.644623972124e-01,5.985724501357e-01
8.400000000000e-01,5.480664381993e-01,5.880154399829e-01,2.835129719093e-01,-1.870675500000e-01,-5.480664381993e-01,-5.880154399829e-01,-2.835129719093e-01,1.870675500000e-01,6.170546377115e-01
8.500000000000e-01,5.733912507076e-01,6.001547305550e-01,2.753557087657e-01,-2.107429527417e-01,-5.733912507076e-01,-6.001547305550e-01,-2.753557087657e-01,2.107429527417e-01,6.360804137354e-01
8.600000000000e-01,5.992171054473e-01,6.119102625769e-01,2.661546868442e-01,-2.355106947527e-01,-5.992171054473e-01,-6.119102625769e-01,-2.661546868442e-01,2.355106947527e-01,6.556671844692e-01
8.700000000000e-01,6.255272476524e-01,6.232369507316e-01,2.558629006443e-01,-2.613921665324e-01,-6.255272476524e-01,-6.232369507316e-01,-2.558629006443e-01,2.613921665324e-01,6.758329390328e-01
8.800000000000e-01,6.523029370213e-01,6.340876826177e-01,2.444324634703e-01,-2.884079776937e-01,-6.523029370213e-01,-6.340876826177e-01,-2.444324634703e-01,2.884079776937e-01,6.965962610041e-01
8.900000000000e-01,6.795233605595e-01,6.444132812482e-01,2.318146415550e-01,-3.165778712044e-01,-6.795233605595e-01,-6.444132812482e-01,-2.318146415550e-01,3.165778712044e-01,7.179763405471e-01
9.000000000000e-01,7.071655438802e-01,6.541624691288e-01,2.179598919571e-01,-3.459206338696e-01,-7.071655438802e-01,-6.541624691288e-01,-2.179598919571e-01,3.459206338696e-01,7.399929870974e-01
9.100000000000e-01,7.352042610331e-01,6.632818340758e-01,2.028179043925e-01,-3.764540029917e-01,-7.352042610331e-01,-6.632818340758e-01,-2.028179043925e-01,3.764540029917e-01,7.626666426319e-01
9.200000000000e-01,7.636119429367e-01,6.717157969460e-01,1.863376471645e-01,-4.081945691452e-01,-7.636119429367e-01,-6.717157969460e-01,-1.863376471645e-01,4.081945691452e-01,7.860183955522e-01
9.300000000000e-01,7.923585844988e-01,6.794065814537e-01,1.684674173586e-01,-4.411576750072e-01,-7.923585844988e-01,-6.794065814537e-01,-1.684674173586e-01,4.411576750072e-01,8.100699952105e-01
9.400000000000e-01,8.214116505149e-01,6.862941862603e-01,1.491548954723e-01,-4.753573101891e-01,-8.214116505149e-01,-6.862941862603e-01,-1.491548954723e-01,4.753573101891e-01,8.348438671062e-01
9.500000000000e-01,8.507359804461e-01,6.923163595268e-01,1.283472046495e-01,-5.108060020188e-01,-8.507359804461e-01,-6.923163595268e-01,-1.283472046495e-01,5.108060020188e-01,8.603631287816e-01
9.600000000000e-01,8.802936921825e-01,6.974085761289e-01,1.059909746942e-01,-5.475147022271e-01,-8.802936921825e-01,-6.974085761289e-01,-1.059909746942e-01,5.475147022271e-01,8.866516064458e-01
9.700000000000e-01,9.100440849097e-01,7.015040177406e-01,8.203241103824e-02,-5.854926694962e-01,-9.100440849097e-01,-7.015040177406e-01,-8.203241103824e-02,5.854926694962e-01,9.137338523552e-01
9.800000000000e-01,9.399435412035e-01,7.045335560002e-01,5.641736883894e-02,-6.247473478348e-01,-9.399435412035e-01,-7.045335560002e-01,-5.641736883894e-02,6.247473478348e-01,9.416351629781e-01
9.900000000000e-01,9.699454284876e-01,7.064257389796e-01,2.909143238668e-02,-6.652842407494e-01,-9.699454284876e-01,-7.064257389796e-01,-2.909143238668e-02,6.652842407494e-01,9.703815979718e-01
1.000000000000e+00,1.000000000000e+00,7.071067811865e-01,6.123233995737e-17,-7.071067811865e-01,-1.000000000000e+00,-7.071067811865e-01,-1.836970198721e-16,7.071067811865e-01,1.000000000000e+00
