two_ax,rise
1.000000000000e-01,9.695517794526e-02
2.000000000000e-01,1.841463121859e-01
3.000000000000e-01,2.626212215185e-01
4.000000000000e-01,3.333021791574e-01
5.000000000000e-01,3.970035889914e-01
6.000000000000e-01,4.544466556613e-01
7.000000000000e-01,5.062716589964e-01
8.000000000000e-01,5.530482999746e-01
9.000000000000e-01,5.952844797997e-01
1.000000000000e+00,6.334337949345e-01
1.100000000000e+00,6.679019715125e-01
1.200000000000e+00,6.990524172224e-01
1.300000000000e+00,7.272110338338e-01
1.400000000000e+00,7.526704063837e-01
1.500000000000e+00,7.756934637313e-01
1.600000000000e+00,7.965166883491e-01
1.700000000000e+00,8.153529397901e-01
1.800000000000e+00,8.323939454920e-01
1.900000000000e+00,8.478125038749e-01
2.000000000000e+00,8.617644375985e-01
2.100000000000e+00,8.743903290488e-01
2.200000000000e+00,8.858170653474e-01
2.300000000000e+00,8.961592162225e-01
2.400000000000e+00,9.055202647884e-01
2.500000000000e+00,9.139937085243e-01
2.600000000000e+00,9.216640454269e-01
2.700000000000e+00,9.286076583498e-01
2.800000000000e+00,9.348936088824e-01
2.900000000000e+00,9.405843506996e-01
3.000000000000e+00,9.457363711001e-01
3.100000000000e+00,9.504007684069e-01
3.200000000000e+00,9.546237719993e-01
3.300000000000e+00,9.584472109666e-01
3.400000000000e+00,9.619089366930e-01
3.500000000000e+00,9.650432040909e-01
3.600000000000e+00,9.678810156796e-01
3.700000000000e+00,9.704504322551e-01
3.800000000000e+00,9.727768534914e-01
3.900000000000e+00,9.748832714624e-01
4.000000000000e+00,9.767904997638e-01
4.100000000000e+00,9.785173806304e-01
4.200000000000e+00,9.800809722075e-01
4.300000000000e+00,9.814967179055e-01
4.400000000000e+00,9.827785995836e-01
4.500000000000e+00,9.839392761218e-01
4.600000000000e+00,9.849902087970e-01
4.700000000000e+00,9.859417747281e-01
4.800000000000e+00,9.868033695394e-01
4.900000000000e+00,9.875835002734e-01
5.000000000000e+00,9.882898694868e-01
5.100000000000e+00,9.889294513699e-01
5.200000000000e+00,9.895085606515e-01
5.300000000000e+00,9.900329149759e-01
5.400000000000e+00,9.905076913725e-01
5.500000000000e+00,9.909375773785e-01
5.600000000000e+00,9.913268173249e-01
5.700000000000e+00,9.916792542428e-01
5.800000000000e+00,9.919983678043e-01
5.900000000000e+00,9.922873086765e-01
6.000000000000e+00,9.925489296263e-01
6.100000000000e+00,9.927858136836e-01
6.200000000000e+00,9.930002996429e-01
6.300000000000e+00,9.931945051530e-01
6.400000000000e+00,9.933703476247e-01
6.500000000000e+00,9.935295631618e-01
6.600000000000e+00,9.936737237025e-01
6.700000000000e+00,9.938042525414e-01
6.800000000000e+00,9.939224383829e-01
6.900000000000e+00,9.940294480677e-01
7.000000000000e+00,9.941263380951e-01
7.100000000000e+00,9.942140650570e-01
7.200000000000e+00,9.942934950848e-01
7.300000000000e+00,9.943654124049e-01
7.400000000000e+00,9.944305270829e-01
7.500000000000e+00,9.944894820379e-01
7.600000000000e+00,9.945428593930e-01
7.700000000000e+00,9.945911862246e-01
7.800000000000e+00,9.946349397697e-01
7.900000000000e+00,9.946745521392e-01
8.000000000000e+00,9.947104145868e-01
8.100000000000e+00,9.947428813732e-01
8.200000000000e+00,9.947722732666e-01
8.300000000000e+00,9.947988807095e-01
8.400000000000e+00,9.948229666889e-01
8.500000000000e+00,9.948447693328e-01
8.600000000000e+00,9.948645042625e-01
8.700000000000e+00,9.948823667217e-01
8.800000000000e+00,9.948985335047e-01
8.900000000000e+00,9.949131647015e-01
9.000000000000e+00,9.949264052787e-01
9.100000000000e+00,9.949383865100e-01
9.200000000000e+00,9.949492272721e-01
9.300000000000e+00,9.949590352174e-01
9.400000000000e+00,9.949679078359e-01
9.500000000000e+00,9.949759334166e-01
9.600000000000e+00,9.949831919183e-01
9.700000000000e+00,9.949897557572e-01
9.800000000000e+00,9.949956905202e-01
9.900000000000e+00,9.950010556115e-01
1.000000000000e+01,9.950059048365e-01
1.010000000000e+01,9.950102869316e-01
1.020000000000e+01,9.950142460431e-01
1.030000000000e+01,9.950178221612e-01
1.040000000000e+01,9.950210515126e-01
1.050000000000e+01,9.950239669153e-01
1.060000000000e+01,9.950265981014e-01
1.070000000000e+01,9.950289720072e-01
1.080000000000e+01,9.950311130376e-01
1.090000000000e+01,9.950330433037e-01
1.100000000000e+01,9.950347828396e-01
1.110000000000e+01,9.950363497967e-01
1.120000000000e+01,9.950377606209e-01
1.130000000000e+01,9.950390302126e-01
1.140000000000e+01,9.950401720710e-01
1.150000000000e+01,9.950411984246e-01
1.160000000000e+01,9.950421203503e-01
1.170000000000e+01,9.950429478792e-01
1.180000000000e+01,9.950436900940e-01
1.190000000000e+01,9.950443552162e-01
1.200000000000e+01,9.950449506843e-01
1.210000000000e+01,9.950454832259e-01
1.220000000000e+01,9.950459589209e-01
1.230000000000e+01,9.950463832602e-01
1.240000000000e+01,9.950467611973e-01
1.250000000000e+01,9.950470971952e-01
1.260000000000e+01,9.950473952693e-01
1.270000000000e+01,9.950476590237e-01
1.280000000000e+01,9.950478916865e-01
1.290000000000e+01,9.950480961396e-01
1.300000000000e+01,9.950482749451e-01
1.310000000000e+01,9.950484303696e-01
1.320000000000e+01,9.950485644052e-01
1.330000000000e+01,9.950486787881e-01
1.340000000000e+01,9.950487750145e-01
1.350000000000e+01,9.950488543542e-01
1.360000000000e+01,9.950489178626e-01
1.370000000000e+01,9.950489663905e-01
1.380000000000e+01,9.950490005915e-01
1.390000000000e+01,9.950490209282e-01
1.400000000000e+01,9.950490276765e-01
