omega,q0.2,q0.4,q0.6,q0.8,q1.5
1.000000000000e-02,9.998070861021e-01,9.996463244574e-01,9.995102953408e-01,9.993936989392e-01,9.990905482748e-01
1.058032203065e-02,9.997958910089e-01,9.996258001082e-01,9.994818769998e-01,9.993585143165e-01,9.990377713161e-01
1.119432142722e-02,9.997840462629e-01,9.996040847268e-01,9.994518095351e-01,9.993212879198e-01,9.989819316918e-01
1.184395256146e-02,9.997715141676e-01,9.995811092023e-01,9.994199972545e-01,9.992819012727e-01,9.989228516865e-01
1.253128322160e-02,9.997582548395e-01,9.995568004149e-01,9.993863389146e-01,9.992402290258e-01,9.988603432750e-01
1.325850119418e-02,9.997442260819e-01,9.995310810030e-01,9.993507273988e-01,9.991961385579e-01,9.987942075246e-01
1.402792122782e-02,9.997293832500e-01,9.995038691174e-01,9.993130493768e-01,9.991494895551e-01,9.987242339627e-01
1.484199240109e-02,9.997136791097e-01,9.994750781614e-01,9.992731849449e-01,9.991001335641e-01,9.986501999081e-01
1.570330591800e-02,9.996970636874e-01,9.994446165157e-01,9.992310072444e-01,9.990479135213e-01,9.985718697631e-01
1.661460335582e-02,9.996794841110e-01,9.994123872473e-01,9.991863820594e-01,9.989926632536e-01,9.984889942659e-01
1.757878539161e-02,9.996608844426e-01,9.993782878018e-01,9.991391673904e-01,9.989342069508e-01,9.984013096985e-01
1.859892103509e-02,9.996412055004e-01,9.993422096779e-01,9.990892130031e-01,9.988723586076e-01,9.983085370494e-01
1.967825739739e-02,9.996203846713e-01,9.993040380830e-01,9.990363599524e-01,9.988069214329e-01,9.982103811285e-01
2.082023002664e-02,9.995983557123e-01,9.992636515695e-01,9.989804400778e-01,9.987376872262e-01,9.981065296302e-01
2.202847384340e-02,9.995750485404e-01,9.992209216492e-01,9.989212754700e-01,9.986644357170e-01,9.979966521434e-01
2.330683471070e-02,9.995503890104e-01,9.991757123865e-01,9.988586779077e-01,9.985869338664e-01,9.978803991034e-01
2.465938167543e-02,9.995242986805e-01,9.991278799677e-01,9.987924482608e-01,9.985049351293e-01,9.977574006851e-01
2.609041992027e-02,9.994966945638e-01,9.990772722459e-01,9.987223758600e-01,9.984181786738e-01,9.976272656314e-01
2.760450446713e-02,9.994674888659e-01,9.990237282596e-01,9.986482378308e-01,9.983263885554e-01,9.974895800151e-01
2.920645467588e-02,9.994365887072e-01,9.989670777239e-01,9.985697983882e-01,9.982292728448e-01,9.973439059297e-01
3.090136958444e-02,9.994038958302e-01,9.989071404927e-01,9.984868080924e-01,9.981265227059e-01,9.971897801059e-01
3.269464413914e-02,9.993693062890e-01,9.988437259905e-01,9.983990030613e-01,9.980178114202e-01,9.970267124486e-01
3.459198636696e-02,9.993327101222e-01,9.987766326112e-01,9.983061041386e-01,9.979027933572e-01,9.968541844910e-01
3.659943554423e-02,9.992939910065e-01,9.987056470840e-01,9.982078160146e-01,9.977811028855e-01,9.966716477610e-01
3.872338141979e-02,9.992530258913e-01,9.986305438022e-01,9.981038262976e-01,9.976523532222e-01,9.964785220553e-01
4.097058455371e-02,9.992096846125e-01,9.985510841154e-01,9.979938045322e-01,9.975161352184e-01,9.962741936157e-01
4.334819783622e-02,9.991638294848e-01,9.984670155811e-01,9.978774011641e-01,9.973720160757e-01,9.960580132033e-01
4.586378925555e-02,9.991153148713e-01,9.983780711752e-01,9.977542464450e-01,9.972195379908e-01,9.958292940647e-01
4.852536598696e-02,9.990639867289e-01,9.982839684583e-01,9.976239492782e-01,9.970582167255e-01,9.955873097847e-01
5.134139987971e-02,9.990096821289e-01,9.981844086955e-01,9.974860959996e-01,9.968875400966e-01,9.953312920202e-01
5.432085442317e-02,9.989522287514e-01,9.980790759292e-01,9.973402490919e-01,9.967069663831e-01,9.950604281091e-01
5.747321327771e-02,9.988914443522e-01,9.979676359993e-01,9.971859458281e-01,9.965159226464e-01,9.947738585474e-01
6.080851046144e-02,9.988271362003e-01,9.978497355128e-01,9.970226968422e-01,9.963138029588e-01,9.944706743301e-01
6.433736228862e-02,9.987591004864e-01,9.977250007555e-01,9.968499846222e-01,9.960999665368e-01,9.941499141479e-01
6.807100116161e-02,9.986871216990e-01,9.975930365483e-01,9.966672619237e-01,9.958737357755e-01,9.938105614342e-01
7.202131132386e-02,9.986109719687e-01,9.974534250420e-01,9.964739500994e-01,9.956343941781e-01,9.934515412558e-01
7.620086668760e-02,9.985304103783e-01,9.973057244498e-01,9.962694373420e-01,9.953811841788e-01,9.930717170410e-01
8.062297085694e-02,9.984451822379e-01,9.971494677159e-01,9.960530768371e-01,9.951133048530e-01,9.926698871390e-01
8.530169947341e-02,9.983550183239e-01,9.969841611164e-01,9.958241848232e-01,9.948299095125e-01,9.922447812051e-01
9.025194501904e-02,9.982596340808e-01,9.968092827921e-01,9.955820385556e-01,9.945301031807e-01,9.917950564050e-01
9.548946421939e-02,9.981587287852e-01,9.966242812104e-01,9.953258741721e-01,9.942129399466e-01,9.913192934340e-01
1.010309281975e-01,9.980519846710e-01,9.964285735557e-01,9.950548844584e-01,9.938774201922e-01,9.908159923474e-01
1.068939755385e-01,9.979390660148e-01,9.962215440462e-01,9.947682165113e-01,9.935224876940e-01,9.902835681967e-01
1.130972684334e-01,9.978196181829e-01,9.960025421781e-01,9.944649692987e-01,9.931470265949e-01,9.897203464712e-01
1.196605520812e-01,9.976932666389e-01,9.957708808963e-01,9.941441911178e-01,9.927498582486e-01,9.891245583426e-01
1.266047175385e-01,9.975596159118e-01,9.955258346919e-01,9.938048769497e-01,9.923297379349e-01,9.884943357154e-01
1.339518682156e-01,9.974182485282e-01,9.952666376305e-01,9.934459657158e-01,9.918853514511e-01,9.878277060841e-01
1.417253902328e-01,9.972687239083e-01,9.949924813120e-01,9.930663374380e-01,9.914153115822e-01,9.871225872052e-01
1.499500268583e-01,9.971105772293e-01,9.947025127685e-01,9.926648103086e-01,9.909181544573e-01,9.863767815922e-01
1.586519572665e-01,9.969433182597e-01,9.943958323049e-01,9.922401376797e-01,9.903923358027e-01,9.855879708477e-01
1.678588798673e-01,9.967664301697e-01,9.940714912914e-01,9.917910049804e-01,9.898362271032e-01,9.847537098502e-01
1.776001004700e-01,9.965793683235e-01,9.937284899194e-01,9.913160265793e-01,9.892481116904e-01,9.838714208216e-01
1.879066255648e-01,9.963815590625e-01,9.933657749326e-01,9.908137426082e-01,9.886261807795e-01,9.829383873051e-01
1.988112610168e-01,9.961723984875e-01,9.929822373535e-01,9.902826157715e-01,9.879685294816e-01,9.819517480936e-01
2.103487164878e-01,9.959512512546e-01,9.925767102245e-01,9.897210281691e-01,9.872731528280e-01,9.809084911596e-01
2.225557159174e-01,9.957174493983e-01,9.921479663909e-01,9.891272781699e-01,9.865379418472e-01,9.798054476465e-01
2.354711144168e-01,9.954702912005e-01,9.916947163586e-01,9.884995773765e-01,9.857606797483e-01,9.786392859971e-01
2.491360219446e-01,9.952090401282e-01,9.912156062644e-01,9.878360477358e-01,9.849390382732e-01,9.774065063102e-01
2.635939341608e-01,9.949329238651e-01,9.907092160062e-01,9.871347188562e-01,9.840705742933e-01,9.761034350360e-01
2.788908708747e-01,9.946411334704e-01,9.901740575879e-01,9.863935256072e-01,9.831527267417e-01,9.747262201391e-01
2.950755225263e-01,9.943328227002e-01,9.896085737459e-01,9.856103060897e-01,9.821828139884e-01,9.732708268887e-01
3.121994051690e-01,9.940071075369e-01,9.890111369334e-01,9.847828000811e-01,9.811580317847e-01,9.717330344569e-01
3.303170244466e-01,9.936630659765e-01,9.883800487544e-01,9.839086480783e-01,9.800754519265e-01,9.701084335443e-01
3.494860490851e-01,9.932997381343e-01,9.877135399523e-01,9.829853910806e-01,9.789320218089e-01,9.683924252839e-01
3.697674944539e-01,9.929161267379e-01,9.870097710744e-01,9.820104712775e-01,9.777245650741e-01,9.665802217178e-01
3.912259167789e-01,9.925111980851e-01,9.862668339542e-01,9.809812338311e-01,9.764497835822e-01,9.646668481843e-01
4.139296186257e-01,9.920838835572e-01,9.854827541696e-01,9.798949299704e-01,9.751042609702e-01,9.626471480025e-01
4.379508663083e-01,9.916330817897e-01,9.846554946588e-01,9.787487216414e-01,9.736844680986e-01,9.605157898949e-01
4.633661199144e-01,9.911576616120e-01,9.837829606949e-01,9.775396879897e-01,9.721867707207e-01,9.582672786414e-01
4.902562766787e-01,9.906564658822e-01,9.828630064455e-01,9.762648339790e-01,9.706074397496e-01,9.558959695187e-01
5.187069284808e-01,9.901283163547e-01,9.818934433616e-01,9.749211014841e-01,9.689426645340e-01,9.533960871332e-01
5.488086342856e-01,9.895720197253e-01,9.808720506619e-01,9.735053832182e-01,9.671885695875e-01,9.507617493099e-01
5.806572083942e-01,9.889863750117e-01,9.797965881928e-01,9.720145398823e-01,9.653412352482e-01,9.479869967479e-01
6.143540254229e-01,9.883701824279e-01,9.786648119574e-01,9.704454209385e-01,9.633967227626e-01,9.450658291868e-01
6.500063429800e-01,9.877222539127e-01,9.774744926057e-01,9.687948894126e-01,9.613511042992e-01,9.419922488503e-01
6.877276430693e-01,9.870414254665e-01,9.762234371704e-01,9.670598511248e-01,9.592004983860e-01,9.387603119223e-01
7.276379933052e-01,9.863265714322e-01,9.749095143089e-01,9.652372887135e-01,9.569411112332e-01,9.353641887762e-01
7.698644290905e-01,9.855766208331e-01,9.735306832663e-01,9.633243007632e-01,9.545692843349e-01,9.317982335907e-01
8.145413579719e-01,9.847905758345e-01,9.720850267052e-01,9.613181462587e-01,9.520815486460e-01,9.280570638498e-01
8.618109874626e-01,9.839675323444e-01,9.705707874541e-01,9.592162944619e-01,9.494746854730e-01,9.241356500204e-01
9.118237776906e-01,9.831067026857e-01,9.689864090915e-01,9.570164801332e-01,9.467457940209e-01,9.200294154164e-01
9.647389203170e-01,9.822074401823e-01,9.673305801192e-01,9.547167638021e-01,9.438923652681e-01,9.157343458928e-01
1.020724845245e+00,9.812692653776e-01,9.656022812688e-01,9.523155965158e-01,9.409123615182e-01,9.112471085476e-01
1.079959756738e+00,9.802918934671e-01,9.638008352481e-01,9.498118881721e-01,9.378043005835e-01,9.065651780551e-01
1.142632200643e+00,9.792752623729e-01,9.619259579530e-01,9.472050781708e-01,9.345673431098e-01,9.016869686080e-01
1.208941664539e+00,9.782195607156e-01,9.599778098756e-01,9.444952067169e-01,9.312013810596e-01,8.966119687366e-01
1.279099212710e+00,9.771252547732e-01,9.579570461334e-01,9.416829846907e-01,9.277071248622e-01,8.913408755202e-01
1.353328157962e+00,9.759931133550e-01,9.558648632497e-01,9.387698595959e-01,9.240861862406e-01,8.858757239631e-01
1.431864772438e+00,9.748242293841e-01,9.537030405673e-01,9.357580747463e-01,9.203411532870e-01,8.802200066281e-01
1.514959039674e+00,9.736200368965e-01,9.514739739972e-01,9.326507185890e-01,9.164756540189e-01,8.743787780825e-01
1.602875450299e+00,9.723823221360e-01,9.491806997354e-01,9.294517609444e-01,9.124944044846e-01,8.683587383841e-01
1.695893843919e+00,9.711132274854e-01,9.468269056495e-01,9.261660730005e-01,9.084032375245e-01,8.621682898128e-01
1.794310299846e+00,9.698152471274e-01,9.444169282750e-01,9.227994281868e-01,9.042091086094e-01,8.558175613877e-01
1.898438079528e+00,9.684912135865e-01,9.419557337777e-01,9.193584815760e-01,8.999200757769e-01,8.493183964668e-01
2.008608623665e+00,9.671442746639e-01,9.394488818419e-01,9.158507262311e-01,8.955452515825e-01,8.426842999051e-01
2.125172607192e+00,9.657778607216e-01,9.369024721964e-01,9.122844259047e-01,8.910947261510e-01,8.359303428237e-01
2.248501055480e+00,9.643956427768e-01,9.343230743648e-01,9.086685246459e-01,8.865794617816e-01,8.290730249396e-01
2.378986525324e+00,9.630014823937e-01,9.317176421490e-01,9.050125351013e-01,8.820111610424e-01,8.221300964928e-01
2.517044354450e+00,9.615993748583e-01,9.290934152461e-01,9.013264085094e-01,8.774021117590e-01,8.151203439245e-01
2.663113983551e+00,9.601933875515e-01,9.264578111888e-01,8.976203904662e-01,8.727650136345e-01,8.080633454240e-01
2.817660355029e+00,9.587875957469e-01,9.238183113931e-01,8.939048673905e-01,8.681127922976e-01,8.009792040925e-01
2.981175392920e+00,9.573860182229e-01,9.211823454522e-01,8.901902091454e-01,8.634584072730e-01,7.938882676180e-01
3.154179568695e+00,9.559925550787e-01,9.185571778824e-01,8.864866134390e-01,8.588146606287e-01,7.868108439132e-01
3.337223557928e+00,9.546109299794e-01,9.159498013146e-01,8.828039574103e-01,8.541940128610e-01,7.797669220981e-01
3.530889993115e+00,9.532446387441e-01,9.133668396510e-01,8.791516612482e-01,8.496084119694e-01,7.727759075397e-01
3.735795318195e+00,9.518969057767e-01,9.108144640301e-01,8.755385678432e-01,8.450691407134e-01,7.658563784789e-01
3.952591750710e+00,9.505706493481e-01,9.082983236355e-01,8.719728414423e-01,8.405866858445e-01,7.590258702227e-01
4.181969357820e+00,9.492684562369e-01,9.058234925193e-01,8.684618871493e-01,8.361706317828e-01,7.523006911112e-01
4.424658252804e+00,9.479925657503e-01,9.033944327718e-01,8.650122920053e-01,8.318295798856e-01,7.456957726547e-01
4.681430919024e+00,9.467448627238e-01,9.010149736114e-01,8.616297873624e-01,8.275710932327e-01,7.392245545264e-01
4.953104668751e+00,9.455268787574e-01,8.986883053445e-01,8.583192314171e-01,8.234016658090e-01,7.328989036043e-01
5.240544244690e+00,9.443398006985e-01,8.964169866773e-01,8.550846101055e-01,8.193267141558e-01,7.267290650608e-01
5.544664572469e+00,9.431844852359e-01,8.942029635587e-01,8.519290541263e-01,8.153505889960e-01,7.207236426450e-01
5.866433672865e+00,9.420614784083e-01,8.920475975828e-01,8.488548696146e-01,8.114766040204e-01,7.148896047833e-01
6.206875743036e+00,9.409710388480e-01,8.899517019673e-01,8.458635799322e-01,8.077070789193e-01,7.092323129161e-01
6.567074416555e+00,9.399131636564e-01,8.879155832170e-01,8.429559761283e-01,8.040433938186e-01,7.037555685460e-01
6.948176212639e+00,9.388876159221e-01,8.859390867475e-01,8.401321738172e-01,8.004860524897e-01,6.984616757314e-01
7.351394185542e+00,9.378939530297e-01,8.840216449654e-01,8.373916744856e-01,7.970347519984e-01,6.933515161591e-01
7.778011785727e+00,9.369315550565e-01,8.821623265322e-01,8.347334295385e-01,7.936884568042e-01,6.884246344115e-01
8.229386945118e+00,9.359996526941e-01,8.803598857820e-01,8.321559056934e-01,7.904454756688e-01,6.836793315430e-01
8.706956399417e+00,9.350973542619e-01,8.786128114755e-01,8.296571506174e-01,7.873035400697e-01,6.791127655593e-01
9.212240261266e+00,9.342236714926e-01,8.769193742673e-01,8.272348579452e-01,7.842598831003e-01,6.747210578047e-01
9.746846858791e+00,9.333775438599e-01,8.752776724158e-01,8.248864310163e-01,7.813113180709e-01,6.704994045705e-01
1.031247785494e+01,9.325578612851e-01,8.736856753802e-01,8.226090448146e-01,7.784543161883e-01,6.664421934356e-01
1.091093366392e+01,9.317634851095e-01,8.721412650270e-01,8.203997056846e-01,7.756850827878e-01,6.625431239007e-01
1.154411918194e+01,9.309932672488e-01,8.706422742128e-01,8.182553084425e-01,7.729996316163e-01,6.587953317941e-01
1.221404985051e+01,9.302460674573e-01,8.691865225214e-01,8.161726904934e-01,7.703938566353e-01,6.551915167084e-01
1.292285807168e+01,9.295207686393e-01,8.677718489301e-01,8.141486825362e-01,7.678636007325e-01,6.517240713860e-01
1.367279999547e+01,9.288162901408e-01,8.663961411616e-01,8.121801553832e-01,7.654047206238e-01,6.483852115480e-01
1.446626270128e+01,9.281315989561e-01,8.650573614607e-01,8.102640623638e-01,7.630131471130e-01,6.451671041840e-01
1.530577179595e+01,9.274657187880e-01,8.637535685277e-01,8.083974767432e-01,7.606849397785e-01,6.420619918625e-01
1.619399945288e+01,9.268177369160e-01,8.624829353534e-01,8.065776235763e-01,7.584163350984e-01,6.390623102204e-01
1.713377291756e+01,9.261868088501e-01,8.612437627429e-01,8.048019054534e-01,7.562037870393e-01,6.361607955393e-01
1.812808350678e+01,9.255721607901e-01,8.600344883885e-01,8.030679216879e-01,7.540439992227e-01,6.333505792467e-01
1.918009613002e+01,9.249730899646e-01,8.588536914618e-01,8.013734806524e-01,7.519339479714e-01,6.306252663640e-01
2.029315936345e+01,9.243889629817e-01,8.577000928320e-01,7.997166051804e-01,7.498708958198e-01,6.279789953661e-01
2.147081610845e+01,9.238192123976e-01,8.565725511771e-01,7.980955312107e-01,7.478523954289e-01,6.254064776246e-01
2.271681486883e+01,9.232633317721e-01,8.554700554197e-01,7.965087001350e-01,7.458762842647e-01,6.229030155351e-01
2.403512168229e+01,9.227208695392e-01,8.543917140743e-01,7.949547455944e-01,7.439406708304e-01,6.204644995144e-01
2.542993274444e+01,9.221914220625e-01,8.533367422257e-01,7.934324757258e-01,7.420439136567e-01,6.180873851931e-01
2.690568776540e+01,9.216746262679e-01,8.523044469445e-01,7.919408520602e-01,7.401845945993e-01,6.157686532236e-01
2.846708410140e+01,9.211701522394e-01,8.512942119848e-01,7.904789663940e-01,7.383614882410e-01,6.135057550597e-01
3.011909170664e+01,9.206776961370e-01,8.503054825853e-01,7.890460169871e-01,7.365735293106e-01,6.112965487477e-01
3.186696895269e+01,9.201969737416e-01,8.493377511220e-01,7.876412853681e-01,7.348197800088e-01,6.091392291369e-01
3.371627936602e+01,9.197277148603e-01,8.483905442288e-01,7.862641148747e-01,7.330993989709e-01,6.070322569374e-01
3.567290933678e+01,9.192696587463e-01,8.474634118435e-01,7.849138918229e-01,7.314116133131e-01,6.049742907310e-01
3.774308685533e+01,9.188225505977e-01,8.465559184522e-01,7.835900299220e-01,7.297556948464e-01,6.029641254225e-01
3.993340133601e+01,9.183861391210e-01,8.456676366189e-01,7.822919582496e-01,7.281309411138e-01,6.010006397713e-01
4.225082459142e+01,9.179601750710e-01,8.447981427172e-01,7.810191128083e-01,7.265366614867e-01,5.990827546661e-01
4.470273302377e+01,9.175444106286e-01,8.439470146341e-01,7.797709314248e-01,7.249721681474e-01,5.972094027850e-01
4.729693110416e+01,9.171385994358e-01,8.431138311137e-01,7.785468515444e-01,7.234367714555e-01,5.953795093254e-01
5.004167621435e+01,9.167424970991e-01,8.422981723427e-01,7.773463103300e-01,7.219297789385e-01,5.935919826756e-01
5.294570493013e+01,9.163558619699e-01,8.414996213611e-01,7.761687464080e-01,7.204504970059e-01,5.918457132854e-01
5.601826083005e+01,9.159784560328e-01,8.407177659061e-01,7.750136026022e-01,7.189982344349e-01,5.901395786304e-01
5.926912391788e+01,9.156100457659e-01,8.399522003451e-01,7.738803290560e-01,7.175723067292e-01,5.884724520481e-01
6.270864175257e+01,9.152504028709e-01,8.392025274367e-01,7.727683862541e-01,7.161720405820e-01,5.868432133480e-01
6.634776238468e+01,9.148993048166e-01,8.384683597393e-01,7.716772475870e-01,7.147967778506e-01,5.852507594078e-01
7.019806920429e+01,9.145565351714e-01,8.377493205796e-01,7.706064012484e-01,7.134458786630e-01,5.836940134142e-01
7.427181781112e+01,9.142218837364e-01,8.370450445665e-01,7.695553513909e-01,7.121187234754e-01,5.821719319078e-01
7.858197502434e+01,9.138951465090e-01,8.363551776970e-01,7.685236185770e-01,7.108147140822e-01,5.806835092865e-01
8.314226015619e+01,9.135761255206e-01,8.356793771411e-01,7.675107396428e-01,7.095332737125e-01,5.792277798420e-01
8.796718868085e+01,9.132646285966e-01,8.350173108065e-01,7.665162671368e-01,7.082738464305e-01,5.778038177140e-01
9.307211843743e+01,9.129604690796e-01,8.343686567854e-01,7.655397685028e-01,7.070358960882e-01,5.764107353241e-01
9.847329851428e+01,9.126634655517e-01,8.337331027686e-01,7.645808251620e-01,7.058189050656e-01,5.750476808992e-01
1.041879209701e+02,9.123734415769e-01,8.331103454885e-01,7.636390316098e-01,7.046223729876e-01,5.737138356378e-01
1.102341755568e+02,9.120902254765e-01,8.325000902268e-01,7.627139946055e-01,7.034458155488e-01,5.724084109454e-01
1.166313076174e+02,9.118136501380e-01,8.319020504003e-01,7.618053324858e-01,7.022887635115e-01,5.711306460068e-01
1.233996793448e+02,9.115435528555e-01,8.313159472195e-01,7.609126746058e-01,7.011507618915e-01,5.698798058118e-01
1.305608345947e+02,9.112797751924e-01,8.307415094063e-01,7.600356608863e-01,7.000313693099e-01,5.686551796302e-01
1.381375674602e+02,9.110221628598e-01,8.301784729521e-01,7.591739414372e-01,6.989301574685e-01,5.674560798516e-01
1.461539948259e+02,9.107705656036e-01,8.296265808999e-01,7.583271762293e-01,6.978467107039e-01,5.662818410789e-01
1.546356331324e+02,9.105248370948e-01,8.290855831374e-01,7.574950347877e-01,6.967806255823e-01,5.651318193630e-01
1.636094795954e+02,9.102848348219e-01,8.285552361948e-01,7.566771958960e-01,6.957315105102e-01,5.640053914962e-01
1.731040981387e+02,9.100504199839e-01,8.280353030433e-01,7.558733472999e-01,6.946989853463e-01,5.629019543146e-01
1.831497103132e+02,9.098214573845e-01,8.275255528957e-01,7.550831854141e-01,6.936826810148e-01,5.618209239891e-01
1.937782914934e+02,9.095978153282e-01,8.270257610099e-01,7.543064150308e-01,6.926822391198e-01,5.607617353086e-01
2.050236726549e+02,9.093793655191e-01,8.265357084972e-01,7.535427490362e-01,6.916973115679e-01,5.597238409668e-01
2.169216480596e+02,9.091659829626e-01,8.260551821380e-01,7.527919081364e-01,6.907275602036e-01,5.587067108671e-01
2.295100891889e+02,9.089575458716e-01,8.255839742037e-01,7.520536205938e-01,6.897726564585e-01,5.577098314550e-01
2.428290652902e+02,9.087539355743e-01,8.251218822864e-01,7.513276219753e-01,6.888322810172e-01,5.567327050823e-01
2.569209709172e+02,9.085550364269e-01,8.246687091347e-01,7.506136549113e-01,6.879061234976e-01,5.557748494043e-01
2.718306608731e+02,9.083607357281e-01,8.242242624967e-01,7.499114688642e-01,6.869938821451e-01,5.548357968069e-01
2.876055929842e+02,9.081709236367e-01,8.237883549678e-01,7.492208199066e-01,6.860952635402e-01,5.539150938598e-01
3.042959791588e+02,9.079854930920e-01,8.233608038448e-01,7.485414705077e-01,6.852099823173e-01,5.530123007952e-01
3.219549452132e+02,9.078043397366e-01,8.229414309845e-01,7.478731893277e-01,6.843377608944e-01,5.521269910079e-01
3.406386999716e+02,9.076273618413e-01,8.225300626679e-01,7.472157510205e-01,6.834783292139e-01,5.512587505766e-01
3.604067141801e+02,9.074544602329e-01,8.221265294684e-01,7.465689360424e-01,6.826314244926e-01,5.504071778055e-01
3.813219098034e+02,9.072855382240e-01,8.217306661257e-01,7.459325304700e-01,6.817967909825e-01,5.495718827849e-01
4.034508603062e+02,9.071205015448e-01,8.213423114232e-01,7.453063258225e-01,6.809741797397e-01,5.487524869706e-01
4.268640025582e+02,9.069592582772e-01,8.209613080700e-01,7.446901188930e-01,6.801633484031e-01,5.479486227803e-01
4.516358610358e+02,9.068017187910e-01,8.205875025869e-01,7.440837115839e-01,6.793640609810e-01,5.471599332079e-01
4.778452850348e+02,9.066477956822e-01,8.202207451967e-01,7.434869107497e-01,6.785760876461e-01,5.463860714522e-01
5.055756996496e+02,9.064974037125e-01,8.198608897175e-01,7.428995280449e-01,6.777992045384e-01,5.456267005626e-01
5.349153713163e+02,9.063504597515e-01,8.195077934607e-01,7.423213797777e-01,6.770331935749e-01,5.448814930978e-01
5.659576887671e+02,9.062068827198e-01,8.191613171310e-01,7.417522867688e-01,6.762778422671e-01,5.441501307994e-01
5.988014602878e+02,9.060665935349e-01,8.188213247315e-01,7.411920742153e-01,6.755329435451e-01,5.434323042779e-01
6.335512282268e+02,9.059295150574e-01,8.184876834703e-01,7.406405715594e-01,6.747982955879e-01,5.427277127119e-01
6.703176017553e+02,9.057955720399e-01,8.181602636714e-01,7.400976123618e-01,6.740737016602e-01,5.420360635593e-01
7.092176089384e+02,9.056646910769e-01,8.178389386882e-01,7.395630341798e-01,6.733589699554e-01,5.413570722791e-01
7.503750692375e+02,9.055368005561e-01,8.175235848195e-01,7.390366784492e-01,6.726539134437e-01,5.406904620656e-01
7.939209876304e+02,9.054118306117e-01,8.172140812287e-01,7.385183903704e-01,6.719583497264e-01,5.400359635918e-01
8.399939716021e+02,9.052897130781e-01,8.169103098654e-01,7.380080187990e-01,6.712721008946e-01,5.393933147635e-01
8.887406723354e+02,9.051703814461e-01,8.166121553896e-01,7.375054161398e-01,6.705949933943e-01,5.387622604825e-01
9.403162515044e+02,9.050537708195e-01,8.163195050987e-01,7.370104382439e-01,6.699268578944e-01,5.381425524196e-01
9.948848751570e+02,9.049398178731e-01,8.160322488557e-01,7.365229443103e-01,6.692675291616e-01,5.375339487955e-01
1.052620236258e+03,9.048284608124e-01,8.157502790214e-01,7.360427967903e-01,6.686168459376e-01,5.369362141705e-01
1.113706107559e+03,9.047196393339e-01,8.154734903872e-01,7.355698612951e-01,6.679746508219e-01,5.363491192423e-01
1.178336926548e+03,9.046132945867e-01,8.152017801109e-01,7.351040065069e-01,6.673407901588e-01,5.357724406513e-01
1.246718414348e+03,9.045093691354e-01,8.149350476541e-01,7.346451040920e-01,6.667151139271e-01,5.352059607928e-01
1.319068230534e+03,9.044078069238e-01,8.146731947220e-01,7.341930286185e-01,6.660974756348e-01,5.346494676370e-01
1.395616665945e+03,9.043085532394e-01,8.144161252047e-01,7.337476574747e-01,6.654877322171e-01,5.341027545550e-01
1.476607375704e+03,9.042115546800e-01,8.141637451201e-01,7.333088707920e-01,6.648857439375e-01,5.335656201517e-01
1.562298154778e+03,9.041167591195e-01,8.139159625595e-01,7.328765513689e-01,6.642913742926e-01,5.330378681044e-01
1.652961758544e+03,9.040241156762e-01,8.136726876334e-01,7.324505845986e-01,6.637044899203e-01,5.325193070074e-01
1.748886770975e+03,9.039335746812e-01,8.134338324206e-01,7.320308583980e-01,6.631249605106e-01,5.320097502230e-01
1.850378523205e+03,9.038450876476e-01,8.131993109175e-01,7.316172631397e-01,6.625526587194e-01,5.315090157363e-01
1.957760065411e+03,9.037586072414e-01,8.129690389895e-01,7.312096915861e-01,6.619874600862e-01,5.310169260170e-01
2.071373195079e+03,9.036740872517e-01,8.127429343240e-01,7.308080388249e-01,6.614292429526e-01,5.305333078847e-01
2.191579544959e+03,9.035914825634e-01,8.125209163846e-01,7.304122022076e-01,6.608778883857e-01,5.300579923798e-01
2.318761734146e+03,9.035107491296e-01,8.123029063663e-01,7.300220812894e-01,6.603332801022e-01,5.295908146389e-01
2.453324585961e+03,9.034318439447e-01,8.120888271529e-01,7.296375777711e-01,6.597953043960e-01,5.291316137742e-01
2.595696416517e+03,9.033547250189e-01,8.118786032746e-01,7.292585954429e-01,6.592638500675e-01,5.286802327573e-01
2.746330398056e+03,9.032793513527e-01,8.116721608680e-01,7.288850401296e-01,6.587388083562e-01,5.282365183073e-01
2.905706001399e+03,9.032056829129e-01,8.114694276360e-01,7.285168196384e-01,6.582200728740e-01,5.278003207823e-01
3.074330522119e+03,9.031336806080e-01,8.112703328099e-01,7.281538437071e-01,6.577075395422e-01,5.273714940752e-01
3.252740695268e+03,9.030633062656e-01,8.110748071121e-01,7.277960239546e-01,6.572011065289e-01,5.269498955125e-01
3.441504403813e+03,9.029945226095e-01,8.108827827199e-01,7.274432738331e-01,6.567006741899e-01,5.265353857569e-01
3.641222486224e+03,9.029272932379e-01,8.106941932305e-01,7.270955085813e-01,6.562061450106e-01,5.261278287130e-01
3.852530648949e+03,9.028615826017e-01,8.105089736266e-01,7.267526451790e-01,6.557174235496e-01,5.257270914367e-01
4.076101489883e+03,9.027973559839e-01,8.103270602437e-01,7.264146023033e-01,6.552344163848e-01,5.253330440467e-01
4.312646639257e+03,9.027345794791e-01,8.101483907376e-01,7.260813002864e-01,6.547570320603e-01,5.249455596399e-01
4.562919024773e+03,9.026732199740e-01,8.099729040528e-01,7.257526610740e-01,6.542851810357e-01,5.245645142089e-01
4.827715268188e+03,9.026132451279e-01,8.098005403929e-01,7.254286081851e-01,6.538187756364e-01,5.241897865627e-01
5.107878220971e+03,9.025546233540e-01,8.096312411899e-01,7.251090666736e-01,6.533577300060e-01,5.238212582499e-01
5.404299647122e+03,9.024973238010e-01,8.094649490764e-01,7.247939630901e-01,6.529019600594e-01,5.234588134842e-01
5.717923061667e+03,9.024413163357e-01,8.093016078569e-01,7.244832254457e-01,6.524513834379e-01,5.231023390724e-01
6.049746733891e+03,9.023865715252e-01,8.091411624810e-01,7.241767831761e-01,6.520059194654e-01,5.227517243453e-01
6.400826864844e+03,9.023330606203e-01,8.089835590165e-01,7.238745671074e-01,6.515654891063e-01,5.224068610895e-01
6.772280949248e+03,9.022807555391e-01,8.088287446242e-01,7.235765094223e-01,6.511300149239e-01,5.220676434833e-01
7.165291332508e+03,9.022296288506e-01,8.086766675321e-01,7.232825436276e-01,6.506994210409e-01,5.217339680325e-01
7.581108974135e+03,9.021796537594e-01,8.085272770115e-01,7.229926045228e-01,6.502736331003e-01,5.214057335102e-01
8.021057429580e+03,9.021308040903e-01,8.083805233533e-01,7.227066281691e-01,6.498525782282e-01,5.210828408970e-01
8.486537063129e+03,9.020830542736e-01,8.082363578442e-01,7.224245518597e-01,6.494361849970e-01,5.207651933242e-01
8.979029505294e+03,9.020363793305e-01,8.080947327451e-01,7.221463140907e-01,6.490243833901e-01,5.204526960180e-01
9.500102368871e+03,9.019907548593e-01,8.079556012683e-01,7.218718545330e-01,6.486171047676e-01,5.201452562457e-01
1.005141423868e+04,9.019461570211e-01,8.078189175569e-01,7.216011140050e-01,6.482142818326e-01,5.198427832640e-01
1.063471995087e+04,9.019025625268e-01,8.076846366634e-01,7.213340344454e-01,6.478158485993e-01,5.195451882679e-01
1.125187617860e+04,9.018599486242e-01,8.075527145298e-01,7.210705588881e-01,6.474217403609e-01,5.192523843425e-01
1.190484734185e+04,9.018182930846e-01,8.074231079677e-01,7.208106314364e-01,6.470318936595e-01,5.189642864148e-01
1.259571186025e+04,9.017775741913e-01,8.072957746391e-01,7.205541972388e-01,6.466462462560e-01,5.186808112085e-01
1.332666876867e+04,9.017377707266e-01,8.071706730380e-01,7.203012024650e-01,6.462647371015e-01,5.184018771988e-01
1.410004471684e+04,9.016988619606e-01,8.070477624713e-01,7.200515942830e-01,6.458873063090e-01,5.181274045695e-01
1.491830137507e+04,9.016608276395e-01,8.069270030420e-01,7.198053208362e-01,6.455138951263e-01,5.178573151712e-01
1.578404326985e+04,9.016236479743e-01,8.068083556311e-01,7.195623312216e-01,6.451444459094e-01,5.175915324801e-01
1.670002607407e+04,9.015873036298e-01,8.066917818813e-01,7.193225754686e-01,6.447789020967e-01,5.173299815592e-01
1.766916537839e+04,9.015517757144e-01,8.065772441798e-01,7.190860045180e-01,6.444172081839e-01,5.170725890196e-01
1.869454597162e+04,9.015170457688e-01,8.064647056430e-01,7.188525702019e-01,6.440593096996e-01,5.168192829835e-01
1.977943165965e+04,9.014830957568e-01,8.063541301002e-01,7.186222252239e-01,6.437051531819e-01,5.165699930482e-01
2.092727565424e+04,9.014499080546e-01,8.062454820786e-01,7.183949231403e-01,6.433546861550e-01,5.163246502512e-01
2.214173156460e+04,9.014174654419e-01,8.061387267886e-01,7.181706183407e-01,6.430078571066e-01,5.160831870361e-01
2.342666502696e+04,9.013857510916e-01,8.060338301087e-01,7.179492660306e-01,6.426646154668e-01,5.158455372195e-01
2.478616600894e+04,9.013547485612e-01,8.059307585718e-01,7.177308222133e-01,6.423249115862e-01,5.156116359596e-01
2.622456182797e+04,9.013244417838e-01,8.058294793510e-01,7.175152436727e-01,6.419886967154e-01,5.153814197245e-01
2.774643092526e+04,9.012948150591e-01,8.057299602466e-01,7.173024879564e-01,6.416559229849e-01,5.151548262623e-01
2.935661743905e+04,9.012658530449e-01,8.056321696723e-01,7.170925133597e-01,6.413265433859e-01,5.149317945721e-01
3.106024662357e+04,9.012375407489e-01,8.055360766426e-01,7.168852789093e-01,6.410005117506e-01,5.147122648749e-01
3.286274116288e+04,9.012098635204e-01,8.054416507606e-01,7.166807443478e-01,6.406777827342e-01,5.144961785866e-01
3.476983843131e+04,9.011828070425e-01,8.053488622050e-01,7.164788701189e-01,6.403583117963e-01,5.142834782908e-01
3.678760875569e+04,9.011563573243e-01,8.052576817187e-01,7.162796173520e-01,6.400420551841e-01,5.140741077128e-01
3.892247473727e+04,9.011305006933e-01,8.051680805971e-01,7.160829478485e-01,6.397289699144e-01,5.138680116946e-01
4.118123169502e+04,9.011052237879e-01,8.050800306764e-01,7.158888240674e-01,6.394190137576e-01,5.136651361695e-01
4.357106929521e+04,9.010805135506e-01,8.049935043225e-01,7.156972091116e-01,6.391121452210e-01,5.134654281392e-01
4.609959443630e+04,9.010563572205e-01,8.049084744205e-01,7.155080667148e-01,6.388083235334e-01,5.132688356497e-01
4.877485546184e+04,9.010327423267e-01,8.048249143635e-01,7.153213612282e-01,6.385075086291e-01,5.130753077693e-01
5.160536777847e+04,9.010096566815e-01,8.047427980426e-01,7.151370576080e-01,6.382096611336e-01,5.128847945664e-01
5.460014096063e+04,9.009870883739e-01,8.046620998369e-01,7.149551214031e-01,6.379147423483e-01,5.126972470880e-01
5.776870742823e+04,9.009650257633e-01,8.045827946030e-01,7.147755187429e-01,6.376227142366e-01,5.125126173394e-01
6.112115278850e+04,9.009434574730e-01,8.045048576660e-01,7.145982163255e-01,6.373335394100e-01,5.123308582639e-01
6.466814793869e+04,9.009223723844e-01,8.044282648096e-01,7.144231814062e-01,6.370471811143e-01,5.121519237230e-01
6.842098303170e+04,9.009017596311e-01,8.043529922668e-01,7.142503817865e-01,6.367636032165e-01,5.119757684775e-01
7.239160341290e+04,9.008816085926e-01,8.042790167113e-01,7.140797858031e-01,6.364827701923e-01,5.118023481693e-01
7.659264764235e+04,9.008619088893e-01,8.042063152484e-01,7.139113623168e-01,6.362046471128e-01,5.116316193029e-01
8.103748772361e+04,9.008426503765e-01,8.041348654063e-01,7.137450807027e-01,6.359291996328e-01,5.114635392283e-01
8.574027166706e+04,9.008238231391e-01,8.040646451277e-01,7.135809108398e-01,6.356563939787e-01,5.112980661237e-01
9.071596852329e+04,9.008054174866e-01,8.039956327617e-01,7.134188231007e-01,6.353861969369e-01,5.111351589793e-01
9.598041602986e+04,9.007874239476e-01,8.039278070557e-01,7.132587883425e-01,6.351185758422e-01,5.109747775813e-01
1.015503710232e+05,9.007698332650e-01,8.038611471472e-01,7.131007778969e-01,6.348534985672e-01,5.108168824958e-01
1.074435627757e+05,9.007526363908e-01,8.037956325565e-01,7.129447635611e-01,6.345909335109e-01,5.106614350541e-01
1.136787494287e+05,9.007358244818e-01,8.037312431791e-01,7.127907175889e-01,6.343308495886e-01,5.105083973377e-01
1.202757776997e+05,9.007193888944e-01,8.036679592781e-01,7.126386126817e-01,6.340732162213e-01,5.103577321643e-01
1.272556460550e+05,9.007033211804e-01,8.036057614771e-01,7.124884219796e-01,6.338180033260e-01,5.102094030734e-01
1.346405715480e+05,9.006876130825e-01,8.035446307532e-01,7.123401190539e-01,6.335651813055e-01,5.100633743132e-01
1.424540605369e+05,9.006722565295e-01,8.034845484299e-01,7.121936778977e-01,6.333147210391e-01,5.099196108273e-01
1.507209835054e+05,9.006572436327e-01,8.034254961708e-01,7.120490729188e-01,6.330665938732e-01,5.097780782419e-01
1.594676542263e+05,9.006425666813e-01,8.033674559725e-01,7.119062789315e-01,6.328207716121e-01,5.096387428534e-01
1.687219135187e+05,9.006282181385e-01,8.033104101583e-01,7.117652711486e-01,6.325772265091e-01,5.095015716163e-01
1.785132178655e+05,9.006141906375e-01,8.032543413720e-01,7.116260251745e-01,6.323359312582e-01,5.093665321317e-01
1.888727331744e+05,9.006004769775e-01,8.031992325715e-01,7.114885169975e-01,6.320968589849e-01,5.092335926358e-01
1.998334339794e+05,9.005870701203e-01,8.031450670230e-01,7.113527229827e-01,6.318599832385e-01,5.091027219888e-01
2.114302083993e+05,9.005739631861e-01,8.030918282949e-01,7.112186198650e-01,6.316252779838e-01,5.089738896644e-01
2.236999691872e+05,9.005611494503e-01,8.030395002518e-01,7.110861847423e-01,6.313927175932e-01,5.088470657390e-01
2.366817712247e+05,9.005486223397e-01,8.029880670494e-01,7.109553950687e-01,6.311622768390e-01,5.087222208824e-01
2.504169358342e+05,9.005363754291e-01,8.029375131284e-01,7.108262286480e-01,6.309339308858e-01,5.085993263470e-01
2.649491823054e+05,9.005244024381e-01,8.028878232091e-01,7.106986636273e-01,6.307076552833e-01,5.084783539592e-01
2.803247670548e+05,9.005126972279e-01,8.028389822865e-01,7.105726784907e-01,6.304834259591e-01,5.083592761096e-01
2.965926308607e+05,9.005012537974e-01,8.027909756247e-01,7.104482520533e-01,6.302612192114e-01,5.082420657446e-01
3.138045546423e+05,9.004900662811e-01,8.027437887517e-01,7.103253634551e-01,6.300410117023e-01,5.081266963574e-01
3.320153242800e+05,9.004791289450e-01,8.026974074549e-01,7.102039921550e-01,6.298227804513e-01,5.080131419796e-01
3.512829049993e+05,9.004684361846e-01,8.026518177756e-01,7.100841179253e-01,6.296065028284e-01,5.079013771735e-01
3.716686258755e+05,9.004579825210e-01,8.026070060046e-01,7.099657208459e-01,6.293921565480e-01,5.077913770239e-01
3.932373750452e+05,9.004477625988e-01,8.025629586774e-01,7.098487812992e-01,6.291797196624e-01,5.076831171307e-01
4.160578062465e+05,9.004377711830e-01,8.025196625697e-01,7.097332799640e-01,6.289691705558e-01,5.075765736015e-01
4.402025573454e+05,9.004280031563e-01,8.024771046925e-01,7.096191978109e-01,6.287604879384e-01,5.074717230447e-01
4.657484815429e+05,9.004184535162e-01,8.024352722881e-01,7.095065160968e-01,6.285536508404e-01,5.073685425625e-01
4.927768920010e+05,9.004091173728e-01,8.023941528259e-01,7.093952163601e-01,6.283486386063e-01,5.072670097443e-01
5.213738206633e+05,9.003999899463e-01,8.023537339974e-01,7.092852804155e-01,6.281454308894e-01,5.071671026605e-01
5.516302920968e+05,9.003910665639e-01,8.023140037129e-01,7.091766903494e-01,6.279440076465e-01,5.070687998564e-01
5.836426132245e+05,9.003823426580e-01,8.022749500970e-01,7.090694285149e-01,6.277443491321e-01,5.069720803461e-01
6.175126798725e+05,9.003738137635e-01,8.022365614847e-01,7.089634775275e-01,6.275464358937e-01,5.068769236072e-01
6.533483011061e+05,9.003654755157e-01,8.021988264175e-01,7.088588202604e-01,6.273502487664e-01,5.067833095748e-01
6.912635423880e+05,9.003573236478e-01,8.021617336394e-01,7.087554398400e-01,6.271557688680e-01,5.066912186369e-01
7.313790886513e+05,9.003493539887e-01,8.021252720936e-01,7.086533196416e-01,6.269629775940e-01,5.066006316292e-01
7.738226284413e+05,9.003415624611e-01,8.020894309182e-01,7.085524432852e-01,6.267718566131e-01,5.065115298302e-01
8.187292603513e+05,9.003339450792e-01,8.020541994434e-01,7.084527946314e-01,6.265823878624e-01,5.064238949567e-01
8.662419230432e+05,9.003264979465e-01,8.020195671870e-01,7.083543577769e-01,6.263945535426e-01,5.063377091594e-01
9.165118502246e+05,9.003192172542e-01,8.019855238518e-01,7.082571170511e-01,6.262083361142e-01,5.062529550192e-01
9.696990520282e+05,9.003120992787e-01,8.019520593216e-01,7.081610570117e-01,6.260237182922e-01,5.061696155424e-01
1.025972824327e+06,9.003051403800e-01,8.019191636584e-01,7.080661624410e-01,6.258406830429e-01,5.060876741578e-01
1.085512287608e+06,9.002983369999e-01,8.018868270987e-01,7.079724183424e-01,6.256592135786e-01,5.060071147129e-01
1.148506957112e+06,9.002916856598e-01,8.018550400504e-01,7.078798099361e-01,6.254792933546e-01,5.059279214703e-01
1.215157346068e+06,9.002851829591e-01,8.018237930900e-01,7.077883226563e-01,6.253009060646e-01,5.058500791052e-01
1.285675603931e+06,9.002788255737e-01,8.017930769590e-01,7.076979421468e-01,6.251240356368e-01,5.057735727017e-01
1.360286191654e+06,9.002726102538e-01,8.017628825613e-01,7.076086542583e-01,6.249486662302e-01,5.056983877508e-01
1.439226596155e+06,9.002665338225e-01,8.017332009601e-01,7.075204450443e-01,6.247747822311e-01,5.056245101476e-01
1.522748086239e+06,9.002605931742e-01,8.017040233749e-01,7.074333007584e-01,6.246023682491e-01,5.055519261888e-01
1.611116512397e+06,9.002547852728e-01,8.016753411791e-01,7.073472078505e-01,6.244314091136e-01,5.054806225711e-01
1.704613153005e+06,9.002491071503e-01,8.016471458964e-01,7.072621529641e-01,6.242618898705e-01,5.054105863885e-01
1.803535609648e+06,9.002435559052e-01,8.016194291990e-01,7.071781229325e-01,6.240937957786e-01,5.053418051314e-01
1.908198754382e+06,9.002381287010e-01,8.015921829043e-01,7.070951047764e-01,6.239271123064e-01,5.052742666846e-01
2.018935731984e+06,9.002328227648e-01,8.015653989723e-01,7.070130857005e-01,6.237618251287e-01,5.052079593261e-01
2.136099020358e+06,9.002276353858e-01,8.015390695034e-01,7.069320530906e-01,6.235979201234e-01,5.051428717261e-01
2.260061552474e+06,9.002225639138e-01,8.015131867357e-01,7.068519945107e-01,6.234353833687e-01,5.050789929457e-01
2.391217903426e+06,9.002176057583e-01,8.014877430422e-01,7.067728977002e-01,6.232742011394e-01,5.050163124367e-01
2.529985546371e+06,9.002127583863e-01,8.014627309289e-01,7.066947505709e-01,6.231143599047e-01,5.049548200406e-01
2.676806181349e+06,9.002080193220e-01,8.014381430321e-01,7.066175412047e-01,6.229558463247e-01,5.048945059885e-01
2.832147141230e+06,9.002033861449e-01,8.014139721161e-01,7.065412578503e-01,6.227986472476e-01,5.048353609011e-01
2.996502879240e+06,9.001988564885e-01,8.013902110708e-01,7.064658889212e-01,6.226427497074e-01,5.047773757887e-01
3.170396542813e+06,9.001944280395e-01,8.013668529098e-01,7.063914229926e-01,6.224881409205e-01,5.047205420510e-01
3.354381638782e+06,9.001900985364e-01,8.013438907679e-01,7.063178487991e-01,6.223348082834e-01,5.046648514786e-01
3.549043795201e+06,9.001858657683e-01,8.013213178990e-01,7.062451552322e-01,6.221827393701e-01,5.046102962527e-01
3.755002625410e+06,9.001817275735e-01,8.012991276739e-01,7.061733313378e-01,6.220319219294e-01,5.045568689466e-01
3.972913700277e+06,9.001776818392e-01,8.012773135783e-01,7.061023663140e-01,6.218823438826e-01,5.045045625267e-01
4.203470634891e+06,9.001737264996e-01,8.012558692109e-01,7.060322495082e-01,6.217339933207e-01,5.044533703536e-01
4.447407296353e+06,9.001698595350e-01,8.012347882810e-01,7.059629704154e-01,6.215868585025e-01,5.044032861840e-01
4.705500139687e+06,9.001660789712e-01,8.012140646071e-01,7.058945186759e-01,6.214409278520e-01,5.043543041722e-01
4.978570679316e+06,9.001623828779e-01,8.011936921143e-01,7.058268840724e-01,6.212961899560e-01,5.043064188723e-01
5.267488103951e+06,9.001587693683e-01,8.011736648328e-01,7.057600565287e-01,6.211526335621e-01,5.042596252401e-01
5.573172043242e+06,9.001552365975e-01,8.011539768962e-01,7.056940261069e-01,6.210102475766e-01,5.042139186359e-01
5.896595494971e+06,9.001517827620e-01,8.011346225393e-01,7.056287830057e-01,6.208690210620e-01,5.041692948269e-01
6.238787922127e+06,9.001484060988e-01,8.011155960963e-01,7.055643175581e-01,6.207289432354e-01,5.041257499902e-01
6.600838529703e+06,9.001451048841e-01,8.010968919995e-01,7.055006202293e-01,6.205900034660e-01,5.040832807159e-01
6.983899731657e+06,9.001418774329e-01,8.010785047770e-01,7.054376816153e-01,6.204521912735e-01,5.040418840103e-01
7.389190819070e+06,9.001387220975e-01,8.010604290515e-01,7.053754924399e-01,6.203154963259e-01,5.040015573000e-01
7.818001841168e+06,9.001356372676e-01,8.010426595381e-01,7.053140435540e-01,6.201799084380e-01,5.039622984350e-01
8.271697711576e+06,9.001326213684e-01,8.010251910434e-01,7.052533259326e-01,6.200454175691e-01,5.039241056935e-01
8.751722552866e+06,9.001296728606e-01,8.010080184630e-01,7.051933306737e-01,6.199120138213e-01,5.038869777859e-01
9.259604293222e+06,9.001267902394e-01,8.009911367808e-01,7.051340489963e-01,6.197796874382e-01,5.038509138595e-01
9.796959529868e+06,9.001239720333e-01,8.009745410668e-01,7.050754722384e-01,6.196484288027e-01,5.038159135030e-01
1.036549867472e+07,9.001212168041e-01,8.009582264759e-01,7.050175918554e-01,6.195182284353e-01,5.037819767525e-01
1.096703139868e+07,9.001185231455e-01,8.009421882464e-01,7.049603994185e-01,6.193890769928e-01,5.037491040959e-01
1.160347239183e+07,9.001158896827e-01,8.009264216985e-01,7.049038866128e-01,6.192609652668e-01,5.037172964794e-01
1.227684745793e+07,9.001133150717e-01,8.009109222327e-01,7.048480452358e-01,6.191338841817e-01,5.036865553127e-01
1.298929996261e+07,9.001107979986e-01,8.008956853286e-01,7.047928671956e-01,6.190078247935e-01,5.036568824761e-01
1.374309765571e+07,9.001083371786e-01,8.008807065436e-01,7.047383445095e-01,6.188827782882e-01,5.036282803262e-01
1.454063988961e+07,9.001059313559e-01,8.008659815112e-01,7.046844693023e-01,6.187587359807e-01,5.036007517034e-01
1.538446525638e+07,9.001035793027e-01,8.008515059401e-01,7.046312338048e-01,6.186356893129e-01,5.035742999385e-01
1.627725966818e+07,9.001012798186e-01,8.008372756123e-01,7.045786303522e-01,6.185136298529e-01,5.035489288605e-01
1.722186490659e+07,9.000990317301e-01,8.008232863826e-01,7.045266513828e-01,6.183925492932e-01,5.035246428042e-01
1.822128766800e+07,9.000968338898e-01,8.008095341766e-01,7.044752894363e-01,6.182724394499e-01,5.035014466184e-01
1.927870913406e+07,9.000946851762e-01,8.007960149899e-01,7.044245371525e-01,6.181532922610e-01,5.034793456743e-01
2.039749509735e+07,9.000925844925e-01,8.007827248867e-01,7.043743872699e-01,6.180350997855e-01,5.034583458738e-01
2.158120667486e+07,9.000905307666e-01,8.007696599987e-01,7.043248326243e-01,6.179178542023e-01,5.034384536593e-01
2.283361164300e+07,9.000885229506e-01,8.007568165238e-01,7.042758661472e-01,6.178015478087e-01,5.034196760227e-01
2.415869643057e+07,9.000865600196e-01,8.007441907253e-01,7.042274808650e-01,6.176861730198e-01,5.034020205151e-01
2.556067880762e+07,9.000846409719e-01,8.007317789301e-01,7.041796698971e-01,6.175717223670e-01,5.033854952572e-01
2.704402131066e+07,9.000827648280e-01,8.007195775284e-01,7.041324264549e-01,6.174581884973e-01,5.033701089497e-01
2.861344544705e+07,9.000809306304e-01,8.007075829719e-01,7.040857438405e-01,6.173455641721e-01,5.033558708844e-01
3.027394672362e+07,9.000791374430e-01,8.006957917732e-01,7.040396154455e-01,6.172338422665e-01,5.033427909550e-01
3.203081054746e+07,9.000773843505e-01,8.006842005045e-01,7.039940347495e-01,6.171230157680e-01,5.033308796692e-01
3.388962904949e+07,9.000756704582e-01,8.006728057966e-01,7.039489953195e-01,6.170130777759e-01,5.033201481608e-01
3.585631888428e+07,9.000739948912e-01,8.006616043381e-01,7.039044908078e-01,6.169040215005e-01,5.033106082020e-01
3.793714006294e+07,9.000723567945e-01,8.006505928740e-01,7.038605149518e-01,6.167958402619e-01,5.033022722163e-01
4.013871587877e+07,9.000707553318e-01,8.006397682053e-01,7.038170615721e-01,6.166885274899e-01,5.032951532921e-01
4.246805398941e+07,9.000691896857e-01,8.006291271873e-01,7.037741245717e-01,6.165820767223e-01,5.032892651964e-01
4.493256872230e+07,9.000676590570e-01,8.006186667293e-01,7.037316979351e-01,6.164764816050e-01,5.032846223888e-01
4.754010467462e+07,9.000661626644e-01,8.006083837934e-01,7.036897757266e-01,6.163717358909e-01,5.032812400367e-01
5.029896168283e+07,9.000646997440e-01,8.005982753935e-01,7.036483520901e-01,6.162678334395e-01,5.032791340300e-01
5.321792124116e+07,9.000632695491e-01,8.005883385946e-01,7.036074212470e-01,6.161647682159e-01,5.032783209971e-01
5.630627445332e+07,9.000618713494e-01,8.005785705118e-01,7.035669774962e-01,6.160625342904e-01,5.032788183211e-01
5.957385160623e+07,9.000605044313e-01,8.005689683095e-01,7.035270152124e-01,6.159611258383e-01,5.032806441561e-01
6.303105346000e+07,9.000591680967e-01,8.005595292006e-01,7.034875288453e-01,6.158605371385e-01,5.032838174448e-01
6.668888435379e+07,9.000578616635e-01,8.005502504454e-01,7.034485129186e-01,6.157607625739e-01,5.032883579360e-01
7.055898723278e+07,9.000565844646e-01,8.005411293511e-01,7.034099620293e-01,6.156617966305e-01,5.032942862030e-01
7.465368070793e+07,9.000553358478e-01,8.005321632710e-01,7.033718708462e-01,6.155636338969e-01,5.033016236623e-01
7.898599826632e+07,9.000541151757e-01,8.005233496032e-01,7.033342341095e-01,6.154662690640e-01,5.033103925930e-01
8.356972975700e+07,9.000529218247e-01,8.005146857907e-01,7.032970466297e-01,6.153696969248e-01,5.033206161569e-01
8.841946528434e+07,9.000517551857e-01,8.005061693198e-01,7.032603032865e-01,6.152739123736e-01,5.033323184190e-01
9.355064164861e+07,9.000506146627e-01,8.004977977198e-01,7.032239990282e-01,6.151789104062e-01,5.033455243684e-01
9.897959148162e+07,9.000494996733e-01,8.004895685621e-01,7.031881288709e-01,6.150846861192e-01,5.033602599405e-01
1.047235952338e+08,9.000484096479e-01,8.004814794596e-01,7.031526878970e-01,6.149912347102e-01,5.033765520392e-01
1.108009361781e+08,9.000473440299e-01,8.004735280659e-01,7.031176712553e-01,6.148985514770e-01,5.033944285600e-01
1.172309586061e+08,9.000463022749e-01,8.004657120748e-01,7.030830741595e-01,6.148066318178e-01,5.034139184138e-01
1.240341294015e+08,9.000452838508e-01,8.004580292192e-01,7.030488918877e-01,6.147154712312e-01,5.034350515510e-01
1.312321031859e+08,9.000442882372e-01,8.004504772707e-01,7.030151197812e-01,6.146250653154e-01,5.034578589870e-01
1.388477912466e+08,9.000433149255e-01,8.004430540391e-01,7.029817532444e-01,6.145354097690e-01,5.034823728279e-01
1.469054344633e+08,9.000423634184e-01,8.004357573714e-01,7.029487877434e-01,6.144465003901e-01,5.035086262969e-01
1.554306804674e+08,9.000414332297e-01,8.004285851514e-01,7.029162188056e-01,6.143583330768e-01,5.035366537616e-01
1.644506652789e+08,9.000405238840e-01,8.004215352990e-01,7.028840420188e-01,6.142709038271e-01,5.035664907619e-01
1.739940996805e+08,9.000396349167e-01,8.004146057695e-01,7.028522530305e-01,6.141842087388e-01,5.035981740394e-01
1.840913606052e+08,9.000387658735e-01,8.004077945532e-01,7.028208475472e-01,6.140982440095e-01,5.036317415660e-01
1.947745878264e+08,9.000379163100e-01,8.004010996746e-01,7.027898213338e-01,6.140130059372e-01,5.036672325751e-01
2.060777862590e+08,9.000370857920e-01,8.003945191919e-01,7.027591702126e-01,6.139284909196e-01,5.037046875924e-01
2.180369341984e+08,9.000362738950e-01,8.003880511964e-01,7.027288900630e-01,6.138446954551e-01,5.037441484682e-01
2.306900978394e+08,9.000354802039e-01,8.003816938122e-01,7.026989768205e-01,6.137616161424e-01,5.037856584099e-01
2.440775524423e+08,9.000347043128e-01,8.003754451950e-01,7.026694264763e-01,6.136792496811e-01,5.038292620162e-01
2.582419105292e+08,9.000339458250e-01,8.003693035324e-01,7.026402350765e-01,6.135975928716e-01,5.038750053115e-01
2.732282575209e+08,9.000332043525e-01,8.003632670425e-01,7.026113987216e-01,6.135166426158e-01,5.039229357814e-01
2.890842952445e+08,9.000324795162e-01,8.003573339741e-01,7.025829135656e-01,6.134363959172e-01,5.039731024097e-01
3.058604937690e+08,9.000317709452e-01,8.003515026059e-01,7.025547758156e-01,6.133568498813e-01,5.040255557150e-01
3.236102520529e+08,9.000310782770e-01,8.003457712458e-01,7.025269817315e-01,6.132780017158e-01,5.040803477898e-01
3.423900679140e+08,9.000304011574e-01,8.003401382306e-01,7.024995276246e-01,6.131998487314e-01,5.041375323396e-01
3.622597178626e+08,9.000297392397e-01,8.003346019256e-01,7.024724098579e-01,6.131223883422e-01,5.041971647234e-01
3.832824473718e+08,9.000290921853e-01,8.003291607241e-01,7.024456248449e-01,6.130456180660e-01,5.042593019947e-01
4.055251721889e+08,9.000284596630e-01,8.003238130465e-01,7.024191690493e-01,6.129695355248e-01,5.043240029445e-01
4.290586913293e+08,9.000278413489e-01,8.003185573405e-01,7.023930389845e-01,6.128941384457e-01,5.043913281445e-01
4.539579124313e+08,9.000272369265e-01,8.003133920801e-01,7.023672312131e-01,6.128194246613e-01,5.044613399913e-01
4.803020901885e+08,9.000266460864e-01,8.003083157655e-01,7.023417423459e-01,6.127453921104e-01,5.045341027527e-01
5.081750786188e+08,9.000260685260e-01,8.003033269226e-01,7.023165690421e-01,6.126720388386e-01,5.046096826142e-01
5.376655979738e+08,9.000255039494e-01,8.002984241021e-01,7.022917080082e-01,6.125993629992e-01,5.046881477264e-01
5.688675171364e+08,9.000249520675e-01,8.002936058800e-01,7.022671559979e-01,6.125273628537e-01,5.047695682548e-01
6.018801524079e+08,9.000244125974e-01,8.002888708563e-01,7.022429098112e-01,6.124560367731e-01,5.048540164293e-01
6.368085836332e+08,9.000238852629e-01,8.002842176551e-01,7.022189662945e-01,6.123853832381e-01,5.049415665959e-01
6.737639886721e+08,9.000233697935e-01,8.002796449237e-01,7.021953223394e-01,6.123154008404e-01,5.050322952693e-01
7.128639972806e+08,9.000228659250e-01,8.002751513331e-01,7.021719748830e-01,6.122460882837e-01,5.051262811863e-01
7.542330655284e+08,9.000223733993e-01,8.002707355766e-01,7.021489209067e-01,6.121774443843e-01,5.052236053611e-01
7.980028719455e+08,9.000218919635e-01,8.002663963700e-01,7.021261574364e-01,6.121094680723e-01,5.053243511412e-01
8.443127366566e+08,9.000214213710e-01,8.002621324512e-01,7.021036815416e-01,6.120421583928e-01,5.054286042654e-01
8.933100648406e+08,9.000209613802e-01,8.002579425794e-01,7.020814903353e-01,6.119755145068e-01,5.055364529218e-01
9.451508159233e+08,9.000205117552e-01,8.002538255355e-01,7.020595809733e-01,6.119095356924e-01,5.056479878084e-01
1.000000000000e+09,9.000200722651e-01,8.002497801208e-01,7.020379506540e-01,6.118442213460e-01,5.057633021941e-01
