beta,slab,cylinder,sphere
1.000000000000e-01,9.613179037613e-01,9.650583669729e-01,9.671385167421e-01
1.258925411794e-01,9.521984297369e-01,9.568366263202e-01,9.594105504721e-01
1.584893192461e-01,9.411806055817e-01,9.469118323270e-01,9.500839167527e-01
1.995262314969e-01,9.279916455276e-01,9.350436804692e-01,9.389339827446e-01
2.511886431510e-01,9.123754592247e-01,9.210093043697e-01,9.257528539198e-01
3.162277660168e-01,8.941202938888e-01,9.046286785492e-01,9.103731519132e-01
3.981071705535e-01,8.730922235380e-01,8.857950817959e-01,8.926963488935e-01
5.011872336273e-01,8.492708353325e-01,8.645070702509e-01,8.727222312501e-01
6.309573444802e-01,8.227810200867e-01,8.408962058144e-01,8.505739680215e-01
7.943282347243e-01,7.939131955618e-01,8.152433896275e-01,8.265120537102e-01
1.000000000000e+00,7.631246372074e-01,7.879771819411e-01,8.009309275370e-01
1.258925411794e+00,7.310176361093e-01,7.596505032825e-01,7.743350873669e-01
1.584893192461e+00,6.982953814328e-01,7.308971863938e-01,7.472963074179e-01
1.995262314969e+00,6.657022464189e-01,7.023752545788e-01,7.203985729672e-01
2.511886431510e+00,6.339591189695e-01,6.747074597597e-01,6.941803839339e-01
3.162277660168e+00,6.037052873456e-01,6.484299123808e-01,6.690837029025e-01
3.981071705535e+00,5.754556118344e-01,6.239567487343e-01,6.454152014105e-01
5.011872336273e+00,5.495775005877e-01,6.015640384649e-01,6.233221193149e-01
6.309573444802e+00,5.262872115634e-01,5.813913892440e-01,6.027967128448e-01
7.943282347243e+00,5.056618779130e-01,5.634563481285e-01,5.837661060684e-01
1.000000000000e+01,4.876618896951e-01,5.476749326002e-01,5.662302504457e-01
1.258925411794e+01,4.721582120970e-01,5.338796923504e-01,5.502301472081e-01
1.584893192461e+01,4.589602192754e-01,5.218166522311e-01,5.357512865853e-01
1.995262314969e+01,4.478409304708e-01,5.109828683326e-01,5.227136661834e-01
2.511886431510e+01,4.385579229526e-01,5.005122067505e-01,5.110048238540e-01
3.162277660168e+01,4.308693085884e-01,4.908978031016e-01,5.005097243299e-01
3.981071705535e+01,4.245449307149e-01,4.823338078734e-01,4.911197535930e-01
5.011872336273e+01,4.193734005063e-01,4.747533331967e-01,4.827310084426e-01
6.309573444802e+01,4.151658635607e-01,4.680338157005e-01,4.752447795102e-01
7.943282347243e+01,4.117572140633e-01,4.620624440004e-01,4.685692367654e-01
1.000000000000e+02,4.090056591937e-01,4.567547047165e-01,4.626200236214e-01
1.258925411794e+02,4.067911645787e-01,4.520398117087e-01,4.573202801513e-01
1.584893192461e+02,4.050133207496e-01,4.478521577777e-01,4.526004269333e-01
1.995262314969e+02,4.035889296331e-01,4.441324581021e-01,4.483977789511e-01
2.511886431510e+02,4.024496340402e-01,4.408280468940e-01,4.446560667003e-01
3.162277660168e+02,4.015396050340e-01,4.378921160233e-01,4.413249140183e-01
3.981071705535e+02,4.008135087070e-01,4.352831104037e-01,4.383593129627e-01
5.011872336273e+02,4.002346814548e-01,4.329641802642e-01,4.357191088248e-01
6.309573444802e+02,3.997735897038e-01,4.309026664560e-01,4.333685146788e-01
7.943282347243e+02,3.994064930343e-01,4.290696332096e-01,4.312756608534e-01
1.000000000000e+03,3.991143684896e-01,4.274394443401e-01,4.294121801786e-01
1.258925411794e+03,3.988819900831e-01,4.259893859528e-01,4.277528314324e-01
1.584893192461e+03,3.986971886173e-01,4.246993291460e-01,4.262751589104e-01
1.995262314969e+03,3.985502688063e-01,4.235514313614e-01,4.249591879786e-01
2.511886431510e+03,3.984334685559e-01,4.225298715888e-01,4.237871510190e-01
3.162277660168e+03,3.983406499621e-01,4.216206171937e-01,4.227432428721e-01
3.981071705535e+03,3.982668797488e-01,4.208112169086e-01,4.218134035494e-01
5.011872336273e+03,3.982082586694e-01,4.200906194883e-01,4.209851244924e-01
6.309573444802e+03,3.981616811210e-01,4.194490125383e-01,4.202472766323e-01
7.943282347243e+03,3.981246755747e-01,4.188776808315e-01,4.195899564410e-01
1.000000000000e+04,3.980952803489e-01,4.183688819477e-01,4.190043504897e-01
1.258925411794e+04,3.980719199534e-01,4.179157347833e-01,4.184826143984e-01
1.584893192461e+04,3.980533705049e-01,4.175121228665e-01,4.180177656636e-01
1.995262314969e+04,3.980386338331e-01,4.171526075552e-01,4.176035882659e-01
2.511886431510e+04,3.980269262228e-01,4.168323520997e-01,4.172345479520e-01
3.162277660168e+04,3.980176237928e-01,4.165470539602e-01,4.169057169495e-01
3.981071705535e+04,3.980102260632e-01,4.162928852419e-01,4.166127071464e-01
5.011872336273e+04,3.980043585391e-01,4.160664396349e-01,4.163516106978e-01
6.309573444802e+04,3.979996967892e-01,4.158646853763e-01,4.161189472279e-01
7.943282347243e+04,3.979959954492e-01,4.156849239784e-01,4.159116167949e-01
1.000000000000e+05,3.979930508867e-01,4.155247530973e-01,4.157268581499e-01
