omega,slab,cylinder,sphere,first_order,powerlaw
1.000000000000e-03,9.205636253284e-12,9.212630658340e-12,9.100831199760e-12,9.205969320192e-12,9.012665613817e-08
1.778279410039e-03,9.205858297889e-12,9.212408613735e-12,9.201750472698e-12,9.206080342494e-12,9.012665602715e-08
3.162277660168e-03,9.205636253284e-12,9.212963725247e-12,9.671485834417e-12,9.206080342494e-12,9.012665613817e-08
5.623413251903e-03,9.205969320192e-12,9.212519636037e-12,9.155343150269e-12,9.205747275587e-12,9.012665647123e-08
1.000000000000e-02,9.206191364797e-12,9.212519636037e-12,9.181211346743e-12,9.205081141772e-12,9.012665602715e-08
1.778279410039e-02,9.205525230982e-12,9.213185769852e-12,9.211520435315e-12,9.203193762630e-12,9.012665636021e-08
3.162277660168e-02,9.204970119470e-12,9.212186569130e-12,9.230061159826e-12,9.196532424482e-12,9.012665602715e-08
5.623413251903e-02,9.202194561908e-12,9.211742479920e-12,9.232170583573e-12,9.176548410039e-12,9.012665624919e-08
1.000000000000e-01,9.193534822316e-12,9.210632256895e-12,9.214295992876e-12,9.114708987568e-12,9.012665613817e-08
1.778279410039e-01,9.167444581237e-12,9.206080342494e-12,9.216072349716e-12,8.924083694239e-12,9.012665636021e-08
3.162277660168e-01,9.085288077415e-12,9.193201755409e-12,9.218847907277e-12,8.368972181927e-12,9.012665636021e-08
5.623413251903e-01,8.836709142201e-12,9.152456570405e-12,9.207634654729e-12,6.994183010534e-12,9.012665747044e-08
1.000000000000e+00,8.151590513705e-12,9.026890346320e-12,9.167333558935e-12,4.603206704701e-12,9.012666013497e-08
1.778279410039e+00,6.649236716783e-12,8.658074257539e-12,9.045653115436e-12,2.211786309658e-12,9.012666701835e-08
3.162277660168e+00,4.550193555275e-12,7.733258478027e-12,8.694267528142e-12,8.368583603868e-13,9.012668056307e-08
5.623413251903e+00,2.895628181676e-12,6.075140390749e-12,7.822520409206e-12,2.821874678371e-13,9.012670088016e-08
1.000000000000e+01,2.022743084140e-12,4.313216450669e-12,6.296629884162e-12,9.071736417621e-14,9.012672830266e-08
1.778279410039e+01,1.533662086217e-12,3.114786206737e-12,4.680034138005e-12,2.903016368960e-14,9.012674584419e-08
3.162277660168e+01,1.158406703894e-12,2.331634885167e-12,3.488931366036e-12,9.192950220505e-15,9.012676704945e-08
5.623413251903e+01,8.680001162276e-13,1.747213485004e-12,2.623234962584e-12,2.911028623015e-15,9.012678658937e-08
1.000000000000e+02,6.509237593377e-13,1.310035413482e-12,1.972061403066e-12,9.219242123187e-16,9.012680457499e-08
1.778279410039e+02,4.881164916704e-13,9.833384106983e-13,1.483368983202e-12,2.908982191414e-16,9.012682100629e-08
3.162277660168e+02,3.660544090067e-13,7.386591338587e-13,1.117231307468e-12,9.037841547203e-17,9.012683582776e-08
5.623413251903e+02,2.744610094751e-13,5.553266180236e-13,8.425343756002e-13,2.842388461101e-17,9.012684909493e-08
1.000000000000e+03,2.058145320838e-13,4.180475410287e-13,6.365186155932e-13,9.150285170951e-18,9.012686091880e-08
1.778279410039e+03,1.543244698698e-13,3.150535388130e-13,4.820727150801e-13,2.930733997500e-18,9.012687146592e-08
3.162277660168e+03,1.157164641885e-13,2.378236496625e-13,3.662486980360e-13,9.286392777663e-19,9.012688073629e-08
5.623413251903e+03,8.676566409793e-14,1.799012327997e-13,2.793876241469e-13,2.951314251140e-19,9.012688903520e-08
1.000000000000e+04,6.505299771087e-14,1.364828389194e-13,2.142661048588e-13,8.235741050823e-20,9.012689616839e-08
