t,exact,asymptote,exact_gamma1
1.000000000000e-01,1.963463939934e-01,6.199048139429e+00,2.818558364049e-01
1.080471822318e-01,1.941085596967e-01,5.573224293701e+00,2.788161823804e-01
1.167419358823e-01,1.917552178415e-01,5.010580387389e+00,2.755688224556e-01
1.261363722037e-01,1.892843220052e-01,4.504738100504e+00,2.721073371376e-01
1.362867959356e-01,1.866941993831e-01,4.049963035261e+00,2.684263749655e-01
1.472540427624e-01,1.839835909904e-01,3.641099709025e+00,2.645217868079e-01
1.591038439272e-01,1.811516918813e-01,3.273513110030e+00,2.603907462483e-01
1.719072201859e-01,1.781981909644e-01,2.943036153330e+00,2.560318541400e-01
1.857409074639e-01,1.751233099386e-01,2.645922441327e+00,2.514452259330e-01
2.006878167665e-01,1.719278408247e-01,2.378803793353e+00,2.466325608372e-01
2.168375310987e-01,1.686131815149e-01,2.138652062845e+00,2.415971922857e-01
2.342868423732e-01,1.651813687147e-01,1.922744809257e+00,2.363441194821e-01
2.531403315242e-01,1.616351076073e-01,1.728634435565e+00,2.308800200634e-01
2.735109953041e-01,1.579777975293e-01,1.554120441482e+00,2.252132440857e-01
2.955209235203e-01,1.542135529171e-01,1.397224477854e+00,2.193537896657e-01
3.193020307691e-01,1.503472187639e-01,1.256167919427e+00,2.133132606819e-01
3.449968470550e-01,1.463843798163e-01,1.129351701754e+00,2.071048069933e-01
3.727593720315e-01,1.423313627525e-01,1.015338193668e+00,2.007430476634e-01
4.027559979850e-01,1.381952306073e-01,9.128348998097e-01,1.942439777143e-01
4.351665070924e-01,1.339837687623e-01,8.206798084692e-01,1.876248589791e-01
4.701851489300e-01,1.297054618864e-01,7.378282186291e-01,1.809040956942e-01
5.080218046913e-01,1.253694613171e-01,6.633408968850e-01,1.741010955690e-01
5.489032450922e-01,1.209855424922e-01,5.963734299805e-01,1.672361172074e-01
5.930744895011e-01,1.165640522016e-01,5.361666522550e-01,1.603301049320e-01
6.408002744416e-01,1.121158456057e-01,4.820380394877e-01,1.534045122673e-01
6.923666402679e-01,1.076522131795e-01,4.333739715737e-01,1.464811155897e-01
7.480826455225e-01,1.031847979715e-01,3.896227763211e-01,1.395818197185e-01
8.082822192523e-01,9.872550381915e-02,3.502884755098e-01,1.327284575164e-01
8.733261623828e-01,9.428639542812e-02,3.149251623161e-01,1.259425858613e-01
9.436043101479e-01,8.987959149529e-02,2.831319463636e-01,1.192452806399e-01
1.019537868533e+00,8.551715232285e-02,2.545484090952e-01,1.126569336768e-01
1.101581938736e+00,8.121096362889e-02,2.288505179479e-01,1.061970547328e-01
1.190228244779e+00,7.697261849027e-02,2.057469530106e-01,9.988408187057e-02
1.286008080611e+00,7.281329954930e-02,1.849758045240e-01,9.373520357104e-02
1.389495494373e+00,6.874366376209e-02,1.663016037838e-01,8.776619597642e-02
1.501310728908e+00,6.477373205310e-02,1.495126537886e-01,8.199127852854e-02
1.622123939129e+00,6.091278625707e-02,1.344186293716e-01,7.642299104448e-02
1.752659208537e+00,5.716927566796e-02,1.208484196106e-01,7.107209493097e-02
1.893698888950e+00,5.355073537055e-02,1.086481880573e-01,6.594750078108e-02
2.046088289466e+00,5.006371830215e-02,9.767962879596e-02,6.105622403043e-02
2.210740742743e+00,4.671374268293e-02,8.781839856071e-02,5.640336969172e-02
2.388643078985e+00,4.350525607091e-02,7.895270713894e-02,5.199214645516e-02
2.580861540418e+00,4.044161685431e-02,7.098205007983e-02,4.782390966735e-02
2.788548171726e+00,3.752509350574e-02,6.381606934224e-02,4.389823191349e-02
3.012947724727e+00,3.475688141016e-02,5.737352896560e-02,4.021299916257e-02
3.255405118685e+00,3.213713656358e-02,5.158139415190e-02,3.676452972880e-02
3.517373500969e+00,2.966502494728e-02,4.637400331865e-02,3.354771268921e-02
3.800422956366e+00,2.733878593458e-02,4.169232373722e-02,3.055616190789e-02
4.106249917244e+00,2.515580770785e-02,3.748328231801e-02,2.778238147693e-02
4.436687330979e+00,2.311271236859e-02,3.369916395611e-02,2.521793820764e-02
4.793715645558e+00,2.120544822781e-02,3.029707061686e-02,2.285363680225e-02
5.179474679231e+00,1.942938667439e-02,2.723843502939e-02,2.067969350067e-02
5.596276445320e+00,1.777942103683e-02,2.448858347504e-02,1.868590431690e-02
6.046619009070e+00,1.625006497296e-02,2.201634271451e-02,1.686180443284e-02
6.533201459594e+00,1.483554813190e-02,1.979368659755e-02,1.519681587412e-02
7.058940086619e+00,1.352990711639e-02,1.779541834911e-02,1.368038121836e-02
7.626985859023e+00,1.232707011084e-02,1.599888493025e-02,1.230208174570e-02
8.240743309894e+00,1.122093391120e-02,1.438372023574e-02,1.105173909744e-02
8.903890941297e+00,1.020543247303e-02,1.293161421699e-02,9.919500129690e-03
9.620403271065e+00,9.274596465836e-03,1.162610531325e-02,8.895905207750e-03
1.039457465372e+01,8.422603665234e-03,1.045239383782e-02,7.971940662615e-03
1.123104501833e+01,7.643820318393e-03,9.397174203851e-03,7.139076512006e-03
1.213482767749e+01,6.932833871063e-03,8.448484087731e-03,6.389290828138e-03
1.311133937422e+01,6.284477643124e-03,7.595568820189e-03,5.715082315931e-03
1.416643274669e+01,5.693848182235e-03,6.828759467749e-03,5.109472755233e-03
1.530643140556e+01,5.156316114973e-03,6.139363222466e-03,4.566000970875e-03
1.653816783396e+01,4.667531357137e-03,5.519564857332e-03,4.078709939276e-03
1.786902433736e+01,4.223423546811e-03,4.962338130250e-03,3.642128535119e-03
1.930697728883e+01,3.820198533456e-03,4.461366132191e-03,3.251249281764e-03
2.086064493472e+01,3.454331701960e-03,4.010969676599e-03,2.901503308291e-03
2.253933904735e+01,3.122558839973e-03,3.606042918225e-03,2.588733546510e-03
2.435312073433e+01,2.821865176847e-03,3.241995471555e-03,2.309167032597e-03
2.631286073896e+01,2.549473138889e-03,2.914700372661e-03,2.059387017521e-03
2.843030459303e+01,2.302829282841e-03,2.620447294554e-03,1.836305443125e-03
3.071814301269e+01,2.079590790855e-03,2.355900485670e-03,1.637136209675e-03
3.319008795915e+01,1.877611837971e-03,2.118060954676e-03,1.459369547155e-03
3.586095482012e+01,1.694930078473e-03,1.904232472895e-03,1.300747706795e-03
3.874675120456e+01,1.529753441047e-03,1.711991008957e-03,1.159242110312e-03
4.186477288290e+01,1.380447374431e-03,1.539157249164e-03,1.033032030774e-03
4.523370744772e+01,1.245522644795e-03,1.383771892060e-03,9.204848291084e-04
4.887374631624e+01,1.123623752800e-03,1.244073437132e-03,8.201377321736e-04
5.280670574583e+01,1.013518011364e-03,1.118478215853e-03,7.306811101053e-04
5.705615758781e+01,9.140853038634e-04,1.005562438678e-03,6.509431906855e-04
6.164757056337e+01,8.243085258567e-04,9.040460544949e-04,5.798761350540e-04
6.660846290809e+01,7.432647008433e-04,8.127782395315e-04,5.165433909084e-04
7.196856730012e+01,6.701167512294e-04,7.307243512334e-04,4.601082352011e-04
7.776000906038e+01,6.041058990212e-04,6.569541992085e-04,4.098234172554e-04
8.401749869294e+01,5.445446662580e-04,5.906315002766e-04,3.650218144039e-04
9.077853991938e+01,4.908104423693e-04,5.310043980833e-04,3.251080150367e-04
9.808365445407e+01,4.423395841431e-04,4.773969398039e-04,2.895507478342e-04
1.059766248676e+02,3.986220134887e-04,4.292014133155e-04,2.578760805482e-04
1.145047569938e+02,3.591962784410e-04,3.858714579689e-04,2.296613166860e-04
1.237191634532e+02,3.236450436643e-04,3.469158708609e-04,2.045295236083e-04
1.336750699920e+02,2.915909779230e-04,3.118930383932e-04,1.821446307197e-04
1.444321464727e+02,2.626930074642e-04,2.804059299933e-04,1.622070414776e-04
1.560548645007e+02,2.366429059004e-04,2.520975972418e-04,1.444497077976e-04
1.686128838287e+02,2.131621929230e-04,2.266471273864e-04,1.286346200343e-04
1.821814698567e+02,1.919993159577e-04,2.037660053668e-04,1.145496700330e-04
1.968419447287e+02,1.729270906417e-04,1.831948431111e-04,1.020058487656e-04
2.126821747296e+02,1.557403777428e-04,1.647004390260e-04,9.083474377787e-05
2.297970969047e+02,1.402539758189e-04,1.480731343454e-04,8.088630509054e-05
2.482892880560e+02,1.263007105205e-04,1.331244363678e-04,7.202685131760e-05
2.682695795280e+02,1.137297029630e-04,1.196848816403e-04,6.413729061691e-05
2.898577214651e+02,1.024048010298e-04,1.076021148641e-04,5.711153367358e-05
3.131831005244e+02,9.220315880883e-05,9.673916174319e-05,5.085507826238e-05
3.383855153428e+02,8.301395062195e-05,8.697287619856e-05,4.528374705587e-05
3.656160144085e+02,7.473720726571e-05,7.819254434239e-05,4.032256225799e-05
3.950378013567e+02,6.728276316317e-05,7.029862938853e-05,3.590474236624e-05
4.268272131164e+02,6.056930411858e-05,6.320164327005e-05,3.197080791614e-05
4.611747767708e+02,5.452350628385e-05,5.682113217255e-05,2.846778445445e-05
4.982863514647e+02,4.907925778719e-05,5.108476448271e-05,2.534849223757e-05
5.383843622033e+02,4.417695524675e-05,4.592751081286e-05,2.257091327238e-05
5.817091329374e+02,3.976286809945e-05,4.129090680606e-05,2.009762732108e-05
6.285203269240e+02,3.578856432220e-05,3.712239036455e-05,1.789530939023e-05
6.790985029956e+02,3.221039171421e-05,3.337470578814e-05,1.593428202886e-05
7.337467970651e+02,2.898900944799e-05,3.000536806781e-05,1.418811647936e-05
7.927927389451e+02,2.608896508916e-05,2.697618126133e-05,1.263327736823e-05
8.565902153685e+02,2.347831273261e-05,2.425280549133e-05,1.124880619762e-05
9.255215909791e+02,2.112826831093e-05,2.180436765686e-05,1.001603941199e-05
1.000000000000e+03,1.901289850140e-05,1.960311144562e-05,8.918357272073e-06
